0,1,2,3,4,5,6,7,8,9,10,11,12,13,Target
1,70,490,1,1,100,1,1,100,33,7,0,0,0,Lower
2,35,444,5,3,0,1,0,0,20,6,1,0,0,Lower
4,72,680,13,3,0,1,0,0,70,4,7,0,0,Lower
2,40,400,1,1,100,0,0,0,11,12,0,0,0,Lower
1,35,321,1,1,100,0,0,0,10,10,11,0,0,Upper
1,35,247,3,1,0,0,0,0,18,0,7,0,0,Lower
1,24,279,3,2,0,0,0,0,18,3,5,0,0,Lower
1,33,288,1,1,100,0,0,0,27,6,0,0,0,Lower
2,66,336,19,1,0,6,1,0,8,15,0,0,1,Lower
1,32,323,1,1,100,3,0,0,24,17,0,0,1,Lower
1,17,156,1,1,100,0,0,0,17,4,0,0,0,Lower
1,36,247,1,1,100,5,1,0,21,0,5,0,0,Lower
2,33,411,6,1,0,14,0,0,26,11,2,0,0,Lower
3,57,336,12,2,0,1,0,0,15,1,1,0,0,Lower
1,29,431,4,2,0,1,1,100,10,18,5,0,0,Lower
1,29,200,2,1,0,0,0,0,16,4,0,0,0,Lower
2,27,220,1,1,100,0,0,0,16,2,0,0,0,Lower
1,40,255,3,1,0,0,0,0,6,10,3,0,0,Lower
1,53,268,1,1,100,0,0,0,8,2,1,0,0,Lower
1,31,281,1,1,100,0,0,0,13,10,0,0,0,Lower
1,28,245,1,1,100,0,0,0,14,6,0,0,0,Lower
1,24,184,1,1,100,0,0,0,14,1,1,0,0,Lower
6,40,458,1,1,100,28,2,0,19,10,10,0,1,Lower
1,21,226,1,1,100,0,0,0,35,10,0,0,0,Lower
2,34,185,1,1,100,0,0,0,8,2,5,0,0,Lower
1,48,272,1,1,100,10,0,0,20,2,1,0,0,Lower
2,27,211,1,1,100,0,0,0,13,4,5,0,0,Lower
1,26,171,0,0,100,5,0,0,17,3,0,0,0,Lower
1,45,237,8,1,0,1,0,0,15,4,0,0,0,Lower
2,62,355,11,1,0,6,0,0,21,6,5,0,0,Lower
3,33,222,1,1,100,1,1,100,10,1,0,0,1,Lower
1,26,299,3,2,0,0,0,0,12,4,5,0,0,Lower
1,27,190,1,1,100,0,0,0,18,4,0,0,0,Lower
3,43,317,1,1,100,9,3,0,26,4,0,0,1,Lower
1,45,281,1,1,100,0,0,0,15,9,5,0,0,Lower
2,66,374,1,1,100,5,0,0,27,1,1,0,0,Lower
1,23,141,1,1,100,0,0,0,6,1,0,0,0,Lower
1,16,164,5,1,0,2,2,100,8,1,1,0,0,Lower
1,35,198,1,1,100,0,0,0,8,5,4,0,0,Lower
1,43,228,1,1,100,0,0,0,9,0,1,0,0,Lower
1,57,322,6,3,0,0,0,0,20,2,0,0,0,Lower
1,32,176,1,1,100,19,2,0,16,0,4,0,0,Lower
2,49,324,1,1,100,2,2,100,23,0,5,0,0,Lower
1,20,172,1,1,100,0,0,0,3,10,0,0,0,Lower
1,19,186,1,1,100,0,0,0,17,10,0,0,1,Lower
4,42,321,1,1,100,6,1,0,18,7,1,0,1,Lower
6,67,539,10,1,0,10,0,0,27,2,12,0,0,Lower
3,29,186,1,1,100,0,0,0,10,0,0,0,0,Lower
2,62,395,1,1,100,2,2,100,33,4,4,0,0,Lower
2,40,300,1,1,100,10,10,100,5,3,3,0,0,Lower
1,37,266,11,2,0,1,0,0,10,6,2,0,0,Lower
3,35,236,1,1,100,9,9,100,8,1,0,0,1,Lower
1,36,271,1,1,100,0,0,0,22,6,5,0,0,Upper
1,47,351,1,1,100,0,0,0,25,9,0,0,0,Lower
2,31,256,1,1,100,26,3,0,26,2,2,0,0,Lower
1,48,490,1,1,100,0,0,0,25,22,3,0,0,Lower
3,37,338,1,1,100,11,11,100,17,6,0,0,1,Lower
1,26,180,1,1,100,22,2,0,6,10,15,0,0,Lower
2,45,371,5,2,0,0,0,0,26,3,0,0,0,Lower
1,27,153,1,1,100,0,0,0,2,5,1,0,0,Lower
3,50,501,1,1,100,28,6,0,40,1,8,0,0,Lower
1,46,378,1,1,100,0,0,0,30,10,3,0,0,Lower
1,57,317,1,1,100,12,0,0,22,0,0,0,1,Lower
2,31,290,5,1,0,9,2,0,15,2,3,0,0,Lower
1,25,257,3,2,0,0,0,0,11,10,5,0,0,Lower
1,34,203,1,1,100,0,0,0,11,0,7,0,0,Lower
1,25,165,8,1,0,0,0,0,2,2,1,0,0,Lower
1,24,231,1,1,100,0,0,0,12,7,1,0,0,Lower
1,31,192,1,1,100,0,0,0,10,1,2,0,0,Lower
1,20,171,1,1,100,3,0,0,17,4,5,0,0,Lower
1,13,241,1,1,100,1,0,0,17,8,0,0,0,Lower
1,51,412,1,1,100,19,3,0,17,5,7,0,0,Lower
1,22,298,1,1,100,5,0,0,20,9,1,0,0,Lower
1,32,320,1,1,100,1,0,0,19,2,2,0,0,Lower
1,29,151,3,2,0,1,1,100,2,1,0,0,0,Lower
1,51,285,5,1,0,0,0,0,25,1,8,0,0,Lower
1,34,382,2,1,0,7,1,0,11,20,11,0,1,Lower
1,54,508,1,1,100,1,0,0,9,48,0,0,0,Lower
1,35,343,1,1,100,1,0,0,26,9,5,0,0,Lower
2,38,359,13,1,0,0,0,0,10,7,0,0,0,Lower
1,27,259,3,3,100,1,1,100,15,1,0,0,0,Lower
2,43,256,1,1,100,1,0,0,16,3,0,0,0,Lower
2,23,285,3,2,0,0,0,0,14,9,5,0,0,Lower
6,89,712,1,1,100,18,6,0,44,5,2,0,1,Lower
1,35,260,2,1,0,0,0,0,29,7,0,0,0,Lower
1,94,537,11,1,0,0,0,0,29,18,4,1,1,Lower
1,23,320,5,1,0,0,0,0,12,10,5,0,0,Lower
2,33,183,1,1,100,10,0,0,9,2,0,0,0,Lower
3,48,564,1,1,100,4,1,0,45,16,5,0,0,Lower
1,44,326,12,1,0,2,0,0,24,3,8,0,0,Lower
1,19,138,1,1,100,0,0,0,2,3,0,0,0,Lower
1,28,298,11,11,100,15,15,100,27,6,0,0,1,Lower
1,40,287,1,1,100,12,0,0,27,4,2,0,1,Lower
1,23,383,1,1,100,0,0,0,13,9,0,0,1,Lower
1,42,294,1,1,100,0,0,0,18,0,0,0,0,Lower
1,38,286,11,1,0,9,0,0,12,4,5,0,1,Lower
2,24,333,1,1,100,9,3,0,16,10,1,0,1,Lower
1,56,268,1,1,100,1,0,0,30,7,6,0,0,Lower
2,36,312,1,1,100,0,0,0,32,9,8,0,0,Lower
1,37,394,1,1,100,0,0,0,17,7,0,0,0,Lower
5,46,380,10,10,100,13,12,0,13,7,7,0,0,Lower
1,46,352,1,1,100,0,0,0,18,16,0,0,0,Lower
2,27,189,1,1,100,2,0,0,11,4,6,0,0,Upper
1,18,213,1,1,100,0,0,0,13,10,0,0,0,Lower
1,34,246,1,1,100,1,0,0,26,10,2,0,0,Upper
1,25,255,2,2,100,0,0,0,23,6,0,0,0,Lower
3,26,367,1,1,100,1,1,100,27,3,2,0,0,Lower
1,20,244,1,1,100,4,0,0,24,6,5,0,1,Lower
2,49,318,1,1,100,2,0,0,17,4,9,0,0,Upper
3,36,310,1,1,100,0,0,0,26,7,5,0,0,Lower
1,45,267,1,1,100,7,1,0,21,4,0,0,1,Lower
1,20,184,7,0,0,0,0,0,6,3,1,0,0,Lower
1,25,303,1,1,100,11,1,0,42,4,0,0,0,Lower
3,45,305,1,1,100,13,1,0,18,5,0,0,0,Upper
1,47,361,1,1,100,0,0,0,23,2,4,0,0,Lower
1,37,437,5,3,0,0,0,0,24,2,2,0,0,Lower
4,42,386,1,1,100,15,2,0,22,2,7,0,0,Upper
4,47,265,1,1,100,2,0,0,24,4,0,0,1,Lower
1,53,301,2,1,0,15,1,0,15,4,4,0,0,Lower
1,30,262,1,1,100,0,0,0,10,16,0,0,0,Lower
1,31,276,0,0,100,0,0,0,18,14,0,0,0,Lower
1,59,315,1,1,100,0,0,0,29,9,2,0,0,Lower
1,34,160,4,1,0,0,0,0,6,2,1,0,0,Lower
1,35,225,3,2,0,0,0,0,10,1,1,0,0,Lower
1,36,238,5,0,0,0,0,0,12,1,1,0,0,Lower
3,36,303,1,1,100,0,0,0,26,7,5,0,0,Lower
1,31,311,3,0,0,0,0,0,19,7,7,0,0,Lower
1,59,355,3,2,0,0,0,0,23,2,0,0,0,Lower
1,37,194,1,1,100,0,0,0,12,3,0,0,0,Lower
1,39,325,3,3,100,0,0,0,31,2,0,0,0,Upper
1,22,281,6,1,0,0,0,0,22,11,3,0,0,Lower
2,77,363,17,0,0,14,1,0,9,4,0,0,1,Lower
1,36,321,1,1,100,0,0,0,14,10,5,0,0,Lower
2,99,598,1,1,100,7,2,0,48,0,7,0,0,Lower
3,34,303,1,1,100,0,0,0,26,7,5,0,0,Lower
1,35,327,2,2,100,0,0,0,21,7,1,0,0,Lower
2,51,276,4,2,0,0,0,0,8,3,8,0,0,Lower
1,38,174,7,0,0,0,0,0,9,0,0,0,0,Lower
1,38,256,6,1,0,2,0,0,11,6,0,0,1,Lower
1,24,129,1,1,100,0,0,0,6,2,1,0,0,Lower
1,21,215,1,1,100,0,0,0,13,12,5,0,0,Lower
14,91,992,3,3,100,44,44,100,148,10,18,0,0,Lower
3,42,319,6,0,0,0,0,0,23,7,5,0,0,Lower
1,24,176,1,1,100,0,0,0,17,1,5,0,0,Upper
1,38,258,1,1,100,0,0,0,20,0,2,0,0,Lower
1,36,209,10,0,0,1,0,0,2,7,5,0,0,Lower
1,28,170,1,1,100,1,0,0,12,0,0,0,0,Upper
3,52,280,10,1,0,4,1,0,21,5,1,0,0,Lower
1,36,176,6,5,0,0,0,0,2,0,2,0,0,Lower
1,28,252,1,1,100,0,0,0,26,6,0,0,0,Lower
1,41,251,1,1,100,5,0,0,9,0,5,0,0,Lower
3,63,342,1,1,100,9,1,0,19,9,0,0,0,Lower
10,95,780,2,1,0,41,3,0,44,5,11,0,1,Lower
1,41,266,1,1,100,0,0,0,24,6,0,0,1,Lower
1,27,258,3,2,0,0,0,0,8,9,5,0,0,Lower
2,43,408,1,1,100,3,2,0,27,2,5,0,0,Lower
1,29,241,1,1,100,0,0,0,19,11,2,0,0,Lower
1,36,222,1,1,100,6,0,0,24,4,5,0,0,Upper
1,27,221,1,1,100,0,0,0,9,4,1,0,0,Lower
1,29,197,1,1,100,0,0,0,5,2,1,0,0,Lower
1,39,267,1,1,100,0,0,0,17,2,0,0,0,Lower
3,58,506,4,1,0,0,0,0,3,21,0,0,0,Lower
1,54,276,2,0,0,5,0,0,19,7,5,0,0,Lower
3,27,360,1,1,100,1,1,100,23,6,2,0,0,Lower
1,39,244,4,0,0,0,0,0,19,4,5,0,0,Lower
1,24,151,0,0,100,0,0,0,3,2,0,0,0,Lower
1,32,244,2,2,100,0,0,0,8,5,7,0,0,Lower
1,39,274,1,1,100,3,1,0,20,2,0,0,0,Lower
1,23,208,1,1,100,0,0,0,5,4,0,0,0,Lower
1,54,358,1,1,100,0,0,0,24,0,0,0,0,Lower
1,61,228,27,1,0,13,0,0,18,1,12,0,0,Lower
3,66,377,1,1,100,0,0,0,13,4,0,0,1,Lower
2,55,312,1,1,100,9,3,0,24,5,1,0,1,Lower
1,86,595,14,1,0,3,0,0,21,12,6,0,0,Lower
2,54,267,17,1,0,5,0,0,20,4,2,0,1,Lower
1,30,300,1,1,100,3,0,0,17,9,6,0,0,Lower
4,45,384,1,1,100,27,5,0,30,5,6,0,0,Lower
1,41,236,3,1,0,0,0,0,12,3,0,0,0,Lower
2,45,301,10,10,100,0,0,0,12,6,5,0,0,Lower
1,62,351,3,1,0,4,0,0,30,0,0,0,0,Lower
1,30,255,1,1,100,0,0,0,9,7,0,0,0,Lower
1,32,220,1,1,100,1,0,0,9,2,0,0,0,Lower
1,18,147,1,1,100,2,1,0,13,2,5,0,0,Upper
1,44,276,13,2,0,2,0,0,12,3,0,0,0,Lower
1,31,313,4,1,0,0,0,0,16,8,5,0,0,Lower
1,76,392,1,1,100,14,1,0,41,2,4,0,1,Lower
1,38,257,1,1,100,0,0,0,21,3,0,0,0,Lower
1,46,290,1,1,100,8,3,0,12,0,5,0,0,Lower
3,75,300,1,1,100,0,0,0,9,4,0,0,0,Lower
2,38,332,10,1,0,0,0,0,11,3,5,0,0,Lower
3,69,409,10,2,0,0,0,0,9,7,0,0,0,Lower
1,41,249,1,1,100,0,0,0,24,0,0,0,0,Lower
1,28,239,1,1,100,0,0,0,21,4,0,0,1,Lower
3,58,377,8,2,0,1,1,100,15,1,6,0,0,Lower
1,39,265,1,1,100,0,0,0,17,6,8,0,0,Lower
1,16,207,1,1,100,0,0,0,15,3,7,0,0,Upper
1,26,165,1,1,100,7,1,0,10,1,0,0,1,Lower
1,25,147,1,1,100,3,0,0,9,1,0,0,1,Lower
1,24,182,1,1,100,0,0,0,4,1,3,0,0,Upper
2,48,399,1,1,100,0,0,0,25,4,1,0,0,Lower
1,15,163,1,1,100,0,0,0,8,11,0,0,0,Lower
2,51,412,1,1,100,4,1,0,16,17,0,0,1,Lower
1,29,313,1,1,100,2,1,0,19,11,0,0,0,Lower
1,67,432,1,1,100,0,0,0,38,20,5,0,0,Lower
3,54,365,6,2,0,1,1,100,19,2,0,0,0,Lower
1,45,196,20,1,0,7,0,0,9,1,0,1,0,Upper
1,41,342,1,1,100,8,2,0,14,17,0,0,1,Lower
1,34,290,1,1,100,2,0,0,8,4,1,0,0,Upper
2,32,343,4,1,0,0,0,0,17,7,5,0,0,Lower
1,43,475,8,1,0,0,0,0,15,19,7,0,0,Lower
4,53,309,9,2,0,0,0,0,14,6,3,0,0,Lower
2,55,382,19,0,0,5,1,0,23,10,6,0,0,Lower
1,20,279,2,1,0,0,0,0,19,11,0,0,0,Lower
1,51,299,1,1,100,0,0,0,21,6,3,0,0,Lower
2,91,403,20,1,0,7,0,0,10,1,3,1,0,Upper
1,34,268,5,1,0,0,0,0,23,1,0,0,0,Lower
1,26,187,1,1,100,1,0,0,11,2,1,0,0,Lower
1,38,298,12,2,0,11,1,0,18,16,1,1,0,Lower
1,33,272,1,1,100,2,2,100,12,17,0,0,1,Lower
1,34,206,1,1,100,5,0,0,11,5,7,0,0,Lower
1,20,230,1,1,100,0,0,0,29,4,0,0,0,Lower
1,21,303,1,1,100,12,0,0,9,14,2,0,0,Lower
1,23,189,1,1,100,0,0,0,15,4,0,0,0,Lower
1,34,294,1,1,100,18,1,0,14,16,0,0,0,Lower
1,27,159,1,1,100,0,0,0,5,2,0,0,0,Lower
1,19,143,1,1,100,0,0,0,5,1,0,0,0,Lower
3,30,276,1,1,100,28,5,0,19,2,2,0,0,Lower
1,66,377,1,1,100,0,0,0,22,10,7,0,0,Lower
1,24,278,1,1,100,0,0,0,18,4,0,0,0,Lower
1,38,348,1,1,100,1,1,100,49,4,0,0,0,Lower
1,45,354,1,1,100,13,1,0,37,2,3,0,0,Lower
1,25,261,1,1,100,1,0,0,13,17,0,0,0,Lower
4,44,319,1,1,100,9,1,0,23,4,0,0,1,Lower
1,32,266,1,1,100,0,0,0,23,2,2,0,0,Lower
1,20,213,1,1,100,0,0,0,26,4,0,0,0,Lower
1,53,285,1,1,100,0,0,0,37,1,0,0,0,Lower
4,58,537,14,2,0,9,1,0,62,14,3,0,0,Lower
2,37,298,4,1,0,0,0,0,27,4,5,0,0,Lower
1,34,210,3,2,0,0,0,0,8,0,5,0,0,Lower
1,28,198,3,1,0,0,0,0,7,2,0,0,0,Lower
1,26,382,1,1,100,0,0,0,22,32,0,0,0,Lower
1,31,138,1,1,100,0,0,0,5,1,0,0,0,Lower
1,16,149,3,1,0,4,3,0,6,2,2,0,0,Lower
23,125,1382,25,23,0,26,25,0,55,16,28,0,1,Lower
1,50,398,1,1,100,1,0,0,24,22,5,0,0,Lower
1,74,454,1,1,100,0,0,0,34,3,6,0,0,Lower
1,22,133,1,1,100,4,0,0,5,4,2,0,0,Lower
2,25,303,3,3,100,0,0,0,8,16,0,0,0,Lower
2,52,471,1,1,100,12,4,0,25,6,10,0,0,Lower
1,15,186,1,1,100,0,0,0,9,2,1,0,0,Upper
1,33,206,14,0,0,4,0,0,6,1,1,0,0,Lower
1,33,333,2,2,100,0,0,0,49,1,0,0,0,Lower
3,52,389,13,1,0,7,1,0,17,9,2,0,0,Lower
2,44,244,1,1,100,0,0,0,11,0,0,0,0,Lower
1,30,288,1,1,100,3,0,0,11,2,1,0,0,Lower
2,42,271,1,1,100,6,1,0,17,10,2,0,0,Lower
1,25,254,1,1,100,2,2,100,16,1,0,0,0,Lower
1,29,243,4,2,0,0,0,0,17,4,5,0,0,Lower
2,49,335,1,1,100,0,0,0,24,3,1,0,0,Lower
1,26,249,2,1,0,0,0,0,11,7,6,0,0,Lower
1,19,205,1,1,100,1,0,0,5,4,3,0,0,Lower
1,38,199,3,1,0,1,1,100,6,0,1,0,0,Lower
1,42,252,1,1,100,18,18,100,9,7,4,0,0,Lower
1,40,233,3,1,0,0,0,0,30,4,6,0,0,Lower
1,36,345,1,1,100,0,0,0,20,4,0,0,0,Lower
1,29,160,1,1,100,1,1,100,5,4,2,0,0,Lower
1,36,255,1,1,100,1,0,0,16,10,0,0,1,Lower
1,59,431,1,1,100,15,14,0,34,9,0,0,0,Lower
1,72,408,1,1,100,0,0,0,28,0,0,0,0,Lower
1,72,330,5,1,0,2,0,0,19,6,5,0,0,Lower
1,37,395,4,0,0,1,0,0,17,10,5,0,0,Lower
1,32,375,1,1,100,0,0,0,35,2,5,0,0,Lower
5,72,741,1,1,100,5,2,0,40,4,9,0,0,Lower
1,36,350,7,2,0,0,0,0,21,12,0,0,0,Lower
7,73,785,1,1,100,1,1,100,52,0,6,0,0,Lower
1,27,304,4,2,0,0,0,0,21,5,0,0,0,Lower
1,25,212,6,0,0,1,1,100,20,4,5,0,0,Lower
3,46,328,6,2,0,0,0,0,25,8,5,0,0,Lower
1,30,176,1,1,100,0,0,0,13,4,5,0,0,Lower
2,34,234,1,1,100,1,0,0,15,3,5,0,1,Lower
1,33,182,1,1,100,1,0,0,9,0,0,0,0,Lower
2,34,289,4,1,0,0,0,0,10,13,5,0,0,Lower
3,58,351,13,13,100,1,1,100,28,4,1,0,0,Lower
1,25,229,1,1,100,1,0,0,9,10,3,0,0,Lower
1,16,178,1,1,100,0,0,0,9,1,0,0,0,Lower
3,33,205,1,1,100,0,0,0,2,0,8,0,0,Lower
1,52,341,5,2,0,0,0,0,28,0,0,0,0,Lower
1,23,231,1,1,100,0,0,0,12,10,0,0,1,Lower
1,43,241,1,1,100,2,2,100,9,4,0,0,0,Lower
1,40,194,1,1,100,0,0,0,11,0,1,0,0,Lower
2,32,196,1,1,100,0,0,0,9,2,1,0,0,Lower
1,31,236,1,1,100,1,0,0,7,11,5,0,0,Lower
1,22,197,1,1,100,1,0,0,9,2,2,0,0,Lower
1,18,194,1,1,100,0,0,0,14,4,0,0,0,Lower
1,25,258,1,1,100,2,0,0,11,4,0,0,0,Lower
4,49,352,1,1,100,3,1,0,13,4,0,0,0,Lower
1,28,230,3,2,0,0,0,0,18,3,0,0,0,Lower
1,31,274,1,1,100,13,1,0,29,8,0,0,0,Lower
1,37,227,1,1,100,0,0,0,19,4,0,0,0,Lower
1,25,134,1,1,100,8,0,0,6,1,0,0,0,Lower
2,41,255,9,1,0,0,0,0,17,2,5,0,0,Lower
2,89,397,2,1,0,45,6,0,36,4,9,0,1,Lower
2,41,316,1,1,100,14,2,0,34,1,0,0,0,Lower
1,69,384,18,2,0,9,1,0,33,9,0,0,0,Lower
1,34,330,4,1,0,0,0,0,13,23,0,0,0,Lower
1,18,146,1,1,100,0,0,0,6,1,0,0,1,Lower
1,50,345,14,2,0,4,1,0,11,9,6,0,0,Lower
3,31,276,1,1,100,0,0,0,25,7,0,0,0,Lower
1,56,304,12,2,0,10,0,0,20,3,0,0,0,Lower
1,31,239,1,1,100,5,1,0,17,9,0,0,0,Lower
1,23,249,1,1,100,0,0,0,6,7,0,0,0,Lower
1,38,241,1,1,100,0,0,0,14,1,5,0,0,Lower
2,72,455,1,1,100,1,0,0,27,17,1,0,1,Lower
1,23,231,1,1,100,9,0,0,18,10,7,0,0,Lower
1,33,196,1,1,100,0,0,0,7,1,5,0,0,Lower
1,29,214,1,1,100,1,0,0,9,3,0,0,0,Lower
4,29,397,14,1,0,7,2,0,20,8,0,0,0,Lower
3,57,487,1,1,100,20,1,0,27,6,0,0,0,Lower
1,50,310,5,1,0,1,0,0,19,2,7,0,0,Lower
1,30,247,3,1,0,0,0,0,12,3,5,0,0,Lower
1,25,215,1,1,100,0,0,0,23,4,5,0,0,Lower
6,47,391,1,1,100,0,0,0,17,6,0,0,0,Lower
2,24,255,4,1,0,0,0,0,12,9,0,0,0,Lower
4,41,318,1,1,100,0,0,0,16,1,9,0,0,Lower
1,23,238,5,0,0,1,0,0,15,8,5,0,0,Lower
2,33,248,4,0,0,2,0,0,15,6,8,0,0,Lower
3,61,453,12,2,0,31,3,0,33,9,5,0,1,Lower
2,35,292,1,1,100,3,3,100,26,6,0,0,0,Lower
1,29,213,1,1,100,2,1,0,7,7,0,0,0,Lower
1,31,231,1,1,100,4,0,0,11,7,0,0,0,Lower
1,37,222,14,0,0,1,0,0,2,4,1,0,0,Lower
1,28,269,1,1,100,0,0,0,18,2,0,0,0,Lower
1,26,372,1,1,100,0,0,0,18,20,5,0,0,Lower
1,30,201,5,1,0,2,0,0,6,2,3,0,0,Lower
1,30,301,1,1,100,4,2,0,12,5,0,0,0,Lower
1,40,292,3,0,0,0,0,0,9,14,6,0,0,Lower
1,54,326,1,1,100,6,0,0,10,14,0,0,0,Lower
3,41,235,1,1,100,0,0,0,3,5,4,0,0,Lower
1,39,358,3,2,0,2,1,0,22,9,0,0,0,Lower
2,34,286,1,1,100,9,2,0,24,3,0,0,0,Lower
1,31,286,1,1,100,0,0,0,15,4,5,0,0,Lower
1,25,150,1,1,100,1,0,0,10,0,1,0,0,Lower
1,22,236,1,1,100,1,0,0,10,10,5,0,0,Lower
1,26,213,1,1,100,6,2,0,13,0,3,0,0,Lower
1,48,309,1,1,100,1,1,100,14,8,0,0,0,Lower
1,70,322,12,1,0,5,0,0,20,1,5,0,0,Lower
1,41,320,1,1,100,1,0,0,28,1,5,0,0,Lower
5,64,413,1,1,100,7,2,0,42,4,0,0,0,Lower
1,31,257,1,1,100,1,0,0,14,6,5,0,0,Lower
1,26,243,4,1,0,0,0,0,15,4,0,0,0,Lower
1,26,163,1,1,100,5,1,0,13,3,0,0,0,Lower
2,24,155,5,1,0,8,0,0,3,3,6,0,0,Lower
1,44,278,1,1,100,3,1,0,16,10,5,0,0,Lower
2,17,369,3,0,0,2,2,100,48,7,5,0,0,Lower
4,64,460,1,1,100,0,0,0,25,4,0,0,0,Lower
1,32,311,6,0,0,0,0,0,50,1,5,0,0,Lower
1,24,152,3,1,0,0,0,0,3,2,0,0,0,Lower
2,31,276,1,1,100,1,0,0,29,2,1,0,0,Upper
1,55,266,10,1,0,1,0,0,6,4,2,0,0,Upper
1,46,325,11,2,0,10,2,0,16,5,0,0,1,Lower
1,55,316,2,1,0,0,0,0,9,16,10,0,0,Lower
1,30,292,1,1,100,8,8,100,22,2,2,0,1,Lower
1,22,224,3,1,0,0,0,0,11,10,3,0,0,Lower
3,83,587,27,26,0,24,22,0,35,11,6,0,1,Lower
1,30,262,1,1,100,1,0,0,22,0,0,0,0,Lower
1,25,219,1,1,100,3,1,0,21,6,0,0,0,Lower
1,42,328,13,1,0,2,1,0,23,2,5,0,0,Lower
1,51,363,1,1,100,6,6,100,26,4,0,0,0,Lower
1,35,330,1,1,100,1,1,100,16,13,0,0,0,Lower
1,37,218,1,1,100,7,0,0,10,4,0,0,0,Lower
1,35,197,1,1,100,0,0,0,5,10,0,0,0,Lower
1,47,209,1,1,100,0,0,0,6,9,0,0,0,Lower
1,48,264,14,0,0,1,0,0,15,12,10,0,0,Lower
3,47,595,7,0,0,1,0,0,45,15,1,0,0,Lower
5,93,730,9,1,0,2,1,0,33,3,4,0,0,Lower
2,41,218,1,1,100,14,2,0,10,3,0,0,1,Lower
2,20,238,3,1,0,0,0,0,8,8,9,0,0,Lower
1,39,215,16,0,0,11,1,0,7,10,5,0,0,Lower
2,41,305,5,2,0,0,0,0,16,2,0,0,0,Lower
3,38,423,2,2,100,9,1,0,37,15,6,0,0,Lower
1,35,181,6,0,0,0,0,0,11,4,5,0,0,Lower
3,19,256,1,1,100,0,0,0,16,4,5,0,0,Lower
4,68,476,9,9,100,5,5,100,33,5,1,0,0,Lower
1,33,233,1,1,100,0,0,0,24,4,0,0,0,Lower
1,31,268,1,1,100,0,0,0,18,3,6,0,0,Lower
1,24,160,1,1,100,0,0,0,6,3,5,0,0,Lower
1,43,454,1,1,100,7,1,0,28,8,6,1,1,Lower
1,13,193,1,1,100,0,0,0,12,6,5,0,0,Lower
2,51,422,4,2,0,0,0,0,29,3,0,0,0,Lower
2,33,209,1,1,100,7,2,0,13,2,1,0,0,Lower
1,24,185,7,0,0,0,0,0,4,4,5,0,0,Lower
1,50,286,1,1,100,0,0,0,22,10,0,0,0,Lower
1,26,191,1,1,100,0,0,0,6,2,1,0,0,Lower
1,35,264,7,1,0,1,0,0,14,10,1,0,0,Lower
3,101,472,1,1,100,0,0,0,22,9,2,0,0,Lower
1,17,144,1,1,100,0,0,0,17,4,2,0,0,Lower
18,50,878,1,1,100,18,18,100,36,12,19,0,1,Lower
1,49,378,20,20,100,0,0,0,18,1,0,0,0,Lower
1,33,236,3,3,100,0,0,0,12,2,0,0,0,Lower
3,48,309,13,1,0,4,0,0,21,7,0,0,0,Lower
1,26,163,2,1,0,1,1,100,4,1,0,0,0,Lower
19,108,943,1,1,100,9,4,0,56,8,0,0,0,Lower
1,39,268,1,1,100,1,0,0,20,6,2,0,0,Lower
11,66,685,1,1,100,11,5,0,41,3,4,0,1,Lower
1,31,241,6,0,0,0,0,0,7,11,5,0,0,Lower
1,30,166,11,11,100,15,15,100,6,1,0,0,1,Lower
2,36,332,4,1,0,0,0,0,22,6,5,0,0,Lower
2,25,267,1,1,100,2,0,0,13,9,7,0,0,Lower
1,35,215,2,1,0,0,0,0,11,6,3,0,0,Lower
4,29,319,1,1,100,5,5,100,15,2,4,0,0,Upper
2,30,237,1,1,100,0,0,0,29,0,0,0,0,Lower
1,47,251,1,1,100,1,1,100,9,1,0,0,0,Lower
8,73,546,17,0,0,12,3,0,30,2,10,1,0,Lower
1,46,259,1,1,100,0,0,0,16,0,2,0,0,Lower
1,21,150,1,1,100,1,1,100,5,1,0,0,0,Lower
1,35,310,4,0,0,0,0,0,5,16,8,0,0,Lower
1,50,340,4,2,0,0,0,0,13,9,7,0,0,Lower
2,19,272,1,1,100,2,1,0,29,8,1,0,0,Lower
1,36,280,1,1,100,9,1,0,13,3,3,0,1,Lower
1,21,215,1,1,100,0,0,0,12,10,7,0,0,Lower
4,30,268,1,1,100,15,15,100,21,13,0,0,0,Lower
1,32,203,7,1,0,0,0,0,7,11,0,0,1,Lower
1,22,266,7,1,0,0,0,0,14,12,5,0,0,Lower
1,52,315,3,2,0,0,0,0,14,1,5,0,0,Upper
1,24,184,1,1,100,0,0,0,3,10,0,0,0,Lower
1,22,118,3,1,0,0,0,0,2,0,1,0,0,Lower
3,61,375,1,1,100,10,1,0,26,6,2,0,0,Lower
1,36,308,1,1,100,3,0,0,8,26,0,0,0,Lower
3,37,292,1,1,100,0,0,0,24,3,0,0,0,Lower
1,82,375,9,1,0,0,0,0,24,4,0,0,0,Lower
1,47,462,1,1,100,15,14,0,19,15,9,0,0,Lower
1,34,194,1,1,100,1,0,0,17,5,0,0,0,Lower
2,25,283,8,0,0,1,1,100,13,12,3,0,0,Lower
1,90,578,1,1,100,32,4,0,21,13,23,0,1,Lower
1,46,283,1,1,100,1,0,0,25,2,0,0,0,Lower
2,24,374,2,2,100,1,0,0,20,11,0,0,0,Lower
2,22,273,3,2,0,0,0,0,8,8,15,0,0,Lower
1,38,250,1,1,100,1,0,0,23,4,0,0,0,Lower
3,51,423,1,1,100,7,1,0,18,13,0,0,0,Lower
1,19,174,1,1,100,0,0,0,10,4,0,0,0,Lower
1,38,330,7,2,0,2,0,0,14,6,0,0,0,Lower
1,53,521,1,1,100,0,0,0,26,1,6,0,0,Lower
1,36,193,1,1,100,0,0,0,9,1,0,0,0,Lower
1,24,239,1,1,100,0,0,0,12,13,5,0,0,Lower
8,73,502,1,1,100,15,1,0,34,10,1,0,0,Lower
1,47,267,1,1,100,0,0,0,19,6,0,0,0,Lower
5,54,638,3,1,0,24,5,0,29,1,19,0,0,Lower
1,18,221,1,1,100,4,0,0,10,10,2,0,0,Lower
1,45,221,1,1,100,0,0,0,35,7,0,0,0,Lower
4,46,495,3,2,0,27,4,0,26,10,5,0,0,Lower
1,67,560,1,1,100,4,0,0,26,23,2,0,0,Lower
1,18,325,1,1,100,2,0,0,33,13,5,0,0,Lower
4,79,659,15,2,0,9,2,0,52,3,3,0,0,Lower
1,67,353,1,1,100,0,0,0,12,9,7,0,0,Lower
1,27,170,1,1,100,16,1,0,9,2,0,0,1,Lower
3,71,461,1,1,100,13,4,0,37,8,6,0,1,Lower
1,29,212,1,1,100,0,0,0,5,11,3,0,1,Lower
2,49,262,7,1,0,0,0,0,20,4,2,0,0,Upper
1,18,149,2,2,100,0,0,0,4,7,8,0,0,Upper
1,48,288,11,1,0,1,1,100,11,4,5,0,0,Lower
1,42,290,6,1,0,0,0,0,12,10,5,0,0,Lower
1,31,356,5,1,0,0,0,0,17,15,5,0,0,Lower
1,27,170,1,1,100,0,0,0,15,1,0,0,0,Lower
1,31,150,1,1,100,0,0,0,11,0,1,0,0,Lower
1,28,178,1,1,100,0,0,0,11,1,0,0,0,Lower
4,38,271,1,1,100,3,1,0,8,2,1,0,0,Lower
17,103,1095,1,1,100,23,1,0,75,10,7,0,0,Lower
20,227,1339,59,58,0,37,37,100,47,15,4,0,1,Lower
2,40,361,1,1,100,0,0,0,28,1,0,0,0,Lower
1,35,266,4,1,0,0,0,0,8,9,0,0,0,Lower
1,39,224,1,1,100,0,0,0,8,6,4,0,0,Lower
1,24,188,1,1,100,0,0,0,11,7,0,0,0,Lower
1,32,294,6,2,0,1,1,100,26,9,5,0,0,Lower
1,77,470,13,1,0,0,0,0,17,2,0,0,0,Lower
2,26,211,1,1,100,0,0,0,12,5,3,0,0,Lower
2,44,392,9,2,0,2,2,100,23,8,0,0,0,Lower
2,53,343,24,0,0,0,0,0,21,6,5,1,0,Upper
2,46,233,13,13,100,2,2,100,5,1,2,0,0,Lower
1,28,267,2,2,100,0,0,0,23,5,6,0,0,Lower
2,27,203,1,1,100,4,0,0,9,3,1,0,0,Lower
1,35,316,1,1,100,0,0,0,27,3,0,0,0,Lower
1,36,194,14,1,0,8,0,0,14,1,0,0,1,Lower
1,57,468,1,1,100,31,0,0,29,8,4,0,0,Lower
1,50,350,2,2,100,0,0,0,20,6,0,0,0,Lower
2,32,260,1,1,100,0,0,0,7,5,0,0,0,Lower
2,35,359,1,1,100,0,0,0,8,17,9,0,0,Lower
1,40,293,10,1,0,2,0,0,13,10,5,0,0,Lower
1,31,260,1,1,100,0,0,0,18,2,0,0,0,Lower
1,26,238,1,1,100,2,2,100,21,0,0,0,0,Lower
1,27,171,1,1,100,7,0,0,9,1,0,0,0,Lower
2,22,255,3,1,0,0,0,0,9,8,14,0,0,Lower
1,38,306,17,2,0,1,0,0,19,9,5,0,0,Lower
1,55,337,12,0,0,7,0,0,26,0,5,0,0,Lower
1,20,191,1,1,100,0,0,0,5,10,0,0,0,Lower
1,21,256,1,1,100,0,0,0,12,16,5,0,0,Lower
1,36,238,1,1,100,0,0,0,19,4,5,0,0,Lower
6,47,460,1,1,100,40,4,0,52,4,14,0,0,Lower
1,26,243,1,1,100,9,1,0,26,3,7,1,0,Lower
1,23,146,1,1,100,0,0,0,5,2,0,0,0,Lower
2,35,304,1,1,100,0,0,0,12,13,0,0,0,Lower
4,36,394,1,1,100,12,0,0,27,5,5,0,0,Lower
1,28,216,1,1,100,5,0,0,16,7,0,0,0,Lower
1,40,167,3,1,0,0,0,0,2,1,2,0,0,Lower
6,41,345,1,1,100,17,17,100,17,1,1,0,0,Lower
13,133,923,25,25,100,12,12,100,44,4,11,0,0,Lower
1,35,307,1,1,100,0,0,0,14,5,0,0,0,Lower
1,40,296,7,1,0,0,0,0,11,6,0,0,0,Lower
1,47,242,6,1,0,0,0,0,30,5,0,0,0,Lower
3,65,503,1,1,100,9,4,0,22,14,2,0,0,Lower
2,38,242,1,1,100,1,0,0,15,2,0,0,1,Lower
3,29,245,1,1,100,0,0,0,14,6,0,0,0,Lower
2,27,276,1,1,100,0,0,0,33,0,0,0,0,Lower
7,78,667,12,2,0,29,4,0,50,10,5,0,0,Lower
1,24,175,1,1,100,0,0,0,7,11,5,0,0,Lower
1,68,381,1,1,100,1,0,0,22,0,0,0,1,Lower
1,28,191,1,1,100,0,0,0,24,4,5,0,0,Lower
1,24,165,4,1,0,0,0,0,2,2,1,0,0,Lower
1,24,156,3,1,0,0,0,0,2,2,0,0,0,Lower
1,31,234,1,1,100,1,1,100,15,7,2,0,0,Lower
1,33,323,1,1,100,0,0,0,15,6,0,0,0,Lower
6,104,823,4,2,0,42,6,0,53,3,12,0,1,Lower
1,80,509,15,2,0,10,0,0,25,0,10,0,0,Upper
1,54,392,10,8,0,1,1,100,27,12,0,0,0,Lower
1,31,197,1,1,100,5,1,0,8,1,0,0,0,Lower
1,66,350,9,1,0,1,0,0,33,2,5,0,0,Lower
6,63,582,1,1,100,7,7,100,29,3,8,0,0,Lower
2,56,316,19,19,100,13,13,100,19,10,5,0,0,Upper
1,20,227,1,1,100,0,0,0,18,3,0,0,0,Lower
1,38,253,1,1,100,10,10,100,12,10,0,0,1,Lower
2,24,304,3,2,0,4,1,0,31,6,1,0,0,Lower
1,33,227,1,1,100,0,0,0,21,3,5,0,0,Lower
5,32,311,1,1,100,29,4,0,13,2,9,0,1,Lower
2,38,290,1,1,100,3,2,0,13,4,0,0,0,Lower
2,46,304,1,1,100,0,0,0,15,13,0,0,0,Lower
2,31,248,1,1,100,0,0,0,17,1,0,0,0,Lower
2,45,325,12,0,0,2,0,0,26,10,8,0,0,Lower
1,46,371,10,2,0,1,0,0,17,2,0,0,0,Lower
2,43,260,1,1,100,1,0,0,12,4,1,0,1,Lower
1,32,212,1,1,100,6,2,0,9,2,0,0,1,Upper
1,50,300,1,1,100,13,2,0,16,6,11,0,0,Lower
1,39,244,1,1,100,1,0,0,17,4,2,0,0,Lower
4,53,338,1,1,100,18,0,0,20,0,9,0,0,Upper
1,18,245,1,1,100,0,0,0,11,9,0,0,0,Lower
1,59,365,15,1,0,14,3,0,25,7,6,0,0,Lower
1,18,135,3,1,0,1,1,100,2,1,1,0,0,Lower
1,29,214,4,2,0,0,0,0,24,10,5,0,0,Lower
1,110,690,1,1,100,9,0,0,29,2,4,0,0,Lower
1,25,129,1,1,100,2,2,100,5,1,0,0,0,Lower
1,39,283,4,2,0,1,0,0,4,12,5,0,0,Lower
4,73,506,1,1,100,8,2,0,33,9,0,0,1,Lower
1,19,194,1,1,100,0,0,0,10,6,5,0,0,Lower
2,23,165,2,1,0,2,1,0,5,1,0,0,0,Lower
1,39,326,10,2,0,3,0,0,10,6,6,0,0,Lower
1,34,247,1,1,100,6,0,0,19,7,0,0,0,Lower
1,21,147,1,1,100,0,0,0,11,0,5,0,0,Lower
1,25,198,4,0,0,1,0,0,3,2,1,0,0,Lower
7,117,620,23,23,100,7,7,100,25,6,5,1,0,Upper
4,38,377,1,1,100,0,0,0,30,2,2,0,0,Lower
1,17,188,1,1,100,0,0,0,11,2,0,0,0,Upper
1,22,149,3,0,0,0,0,0,2,2,1,0,0,Lower
1,33,190,1,1,100,7,1,0,10,1,0,0,1,Lower
4,48,285,1,1,100,27,4,0,12,3,6,0,0,Lower
1,31,208,1,1,100,4,4,100,18,4,0,0,0,Upper
1,51,281,1,1,100,0,0,0,7,4,0,0,0,Lower
1,46,451,4,2,0,0,0,0,10,11,2,0,0,Lower
1,18,268,1,1,100,0,0,0,13,9,5,0,0,Lower
2,25,389,1,1,100,2,1,0,15,15,0,1,0,Lower
1,36,329,1,1,100,5,5,100,28,2,5,0,0,Lower
5,71,768,1,1,100,17,7,0,40,3,1,0,1,Lower
3,48,327,1,1,100,0,0,0,20,0,0,0,0,Lower
6,33,314,4,1,0,0,0,0,11,15,5,0,0,Upper
1,52,273,1,1,100,0,0,0,12,3,4,0,0,Lower
1,44,318,7,1,0,3,0,0,23,2,0,0,0,Upper
3,62,412,11,0,0,0,0,0,39,10,5,0,0,Lower
2,28,368,3,2,0,1,0,0,19,11,0,0,0,Lower
1,31,213,1,1,100,0,0,0,8,10,0,0,0,Lower
2,28,396,2,2,100,2,2,100,32,4,0,0,0,Lower
3,43,297,13,0,0,1,0,0,8,6,1,0,0,Upper
1,16,319,1,1,100,0,0,0,17,20,0,0,0,Lower
2,49,305,1,1,100,3,0,0,35,0,4,0,0,Lower
1,29,186,3,2,0,0,0,0,8,1,0,0,0,Lower
1,41,324,1,1,100,10,10,100,16,10,1,0,1,Lower
1,20,209,1,1,100,0,0,0,17,10,0,0,0,Lower
1,26,161,4,1,0,0,0,0,2,2,0,0,0,Lower
1,21,159,7,0,0,1,1,100,16,4,7,0,0,Lower
4,44,302,10,1,0,10,1,0,24,8,5,0,0,Lower
1,23,444,2,2,100,0,0,0,36,20,0,0,0,Lower
1,53,411,22,0,0,23,1,0,38,9,7,0,0,Upper
2,29,254,7,2,0,0,0,0,18,3,0,0,0,Lower
83,485,5622,1,1,100,3,1,0,473,18,80,0,0,Lower
1,27,253,4,1,0,0,0,0,27,10,2,0,0,Lower
3,46,411,9,2,0,7,0,0,9,4,0,0,0,Lower
2,68,443,13,0,0,3,0,0,9,9,10,0,0,Lower
2,20,339,1,1,100,1,0,0,21,6,0,0,0,Lower
2,54,312,15,1,0,9,1,0,21,10,2,0,0,Lower
1,23,212,5,1,0,2,0,0,10,11,0,0,0,Lower
2,21,208,1,1,100,1,1,100,16,2,0,0,0,Lower
1,39,245,13,0,0,0,0,0,9,1,4,0,0,Lower
1,34,329,10,1,0,1,0,0,41,0,5,0,0,Lower
1,41,466,2,2,100,0,0,0,17,10,5,0,0,Lower
1,22,145,1,1,100,0,0,0,8,0,1,0,0,Lower
2,18,283,3,2,0,0,0,0,14,9,5,0,0,Upper
1,29,322,1,1,100,0,0,0,43,5,5,0,0,Lower
4,37,339,1,1,100,3,0,0,24,4,4,0,0,Lower
1,40,258,5,0,0,1,0,0,10,2,3,0,0,Lower
1,30,185,1,1,100,0,0,0,9,2,1,0,0,Lower
1,45,304,4,0,0,0,0,0,12,10,5,0,0,Lower
2,41,387,6,0,0,6,3,0,27,13,2,0,0,Lower
1,30,327,2,1,0,0,0,0,14,9,7,0,0,Lower
3,97,715,1,1,100,0,0,0,28,2,1,0,0,Lower
1,40,272,13,1,0,0,0,0,17,0,12,0,0,Lower
1,31,231,12,0,0,0,0,0,10,10,5,0,0,Lower
2,48,358,4,2,0,1,0,0,21,7,5,0,0,Lower
2,45,274,1,1,100,8,1,0,23,5,1,1,0,Lower
2,39,225,5,1,0,0,0,0,9,4,2,0,0,Lower
1,24,149,7,1,0,0,0,0,2,1,0,0,0,Lower
1,30,154,1,1,100,0,0,0,17,4,0,0,0,Lower
1,33,204,1,1,100,9,0,0,13,4,0,0,0,Lower
2,54,393,11,1,0,0,0,0,26,5,2,0,0,Lower
1,19,276,1,1,100,0,0,0,31,4,1,0,0,Lower
1,39,287,1,1,100,7,3,0,20,4,0,0,1,Lower
1,40,203,8,1,0,1,0,0,6,0,0,0,0,Lower
1,104,623,20,1,0,7,0,0,29,2,0,0,0,Lower
2,70,361,1,1,100,3,1,0,17,0,0,0,0,Lower
2,27,277,1,1,100,8,2,0,18,3,4,0,0,Upper
1,34,229,12,0,0,9,2,0,12,10,6,0,0,Lower
1,20,162,1,1,100,0,0,0,5,10,0,0,0,Lower
2,33,289,2,2,100,0,0,0,18,2,5,0,0,Lower
1,22,206,1,1,100,0,0,0,15,4,0,0,0,Lower
1,32,277,1,1,100,5,1,0,27,6,0,0,1,Lower
1,23,146,1,1,100,0,0,0,2,4,5,0,0,Lower
1,46,293,1,1,100,0,0,0,27,0,5,0,0,Lower
1,45,208,12,1,0,1,0,0,8,1,0,0,0,Lower
1,24,222,1,1,100,0,0,0,11,15,8,0,0,Lower
1,26,177,1,1,100,0,0,0,11,1,0,0,0,Lower
2,41,356,3,2,0,0,0,0,24,4,1,0,0,Lower
1,28,272,2,2,100,2,1,0,18,0,0,0,0,Lower
1,28,275,5,0,0,0,0,0,7,8,8,0,0,Lower
2,33,271,2,1,0,2,1,0,21,0,0,0,0,Lower
1,27,167,1,1,100,0,0,0,9,2,0,0,0,Lower
1,34,320,9,1,0,1,0,0,8,10,1,0,0,Lower
1,47,286,1,1,100,14,1,0,9,11,2,0,0,Lower
1,40,253,2,2,100,0,0,0,14,6,5,0,0,Lower
2,38,315,2,2,100,0,0,0,16,3,0,0,0,Lower
1,31,253,6,3,0,0,0,0,18,3,0,0,0,Upper
1,20,222,1,1,100,8,0,0,14,8,3,0,0,Lower
1,54,466,1,1,100,2,0,0,20,7,2,0,0,Lower
1,20,173,2,1,0,0,0,0,15,4,0,0,0,Lower
1,51,314,14,1,0,8,0,0,21,5,1,0,0,Lower
1,31,265,6,1,0,0,0,0,18,10,0,0,0,Lower
2,37,350,1,1,100,2,1,0,19,8,0,0,0,Upper
1,39,332,1,1,100,2,1,0,13,6,0,0,0,Lower
3,31,335,1,1,100,1,0,0,12,10,0,0,0,Lower
1,31,253,3,2,0,0,0,0,11,0,0,0,0,Lower
1,26,219,1,1,100,6,0,0,20,0,4,0,0,Lower
2,22,250,5,1,0,9,0,0,21,10,2,0,0,Lower
1,22,288,2,1,0,0,0,0,15,2,2,0,0,Lower
1,47,309,9,2,0,1,0,0,14,2,0,0,0,Lower
1,54,274,1,1,100,0,0,0,22,0,0,0,0,Lower
1,40,216,5,1,0,1,1,100,6,2,1,0,0,Lower
4,51,442,16,0,0,15,2,0,31,7,8,0,0,Upper
1,38,230,1,1,100,1,1,100,21,6,9,0,0,Lower
1,44,256,4,0,0,0,0,0,9,0,2,0,0,Lower
2,63,412,12,2,0,13,3,0,23,1,0,0,0,Lower
1,32,187,4,0,0,0,0,0,16,2,5,0,0,Lower
1,23,292,1,1,100,16,16,100,36,3,0,0,1,Lower
3,66,411,11,1,0,7,1,0,13,10,6,1,0,Lower
1,25,213,1,1,100,0,0,0,4,2,1,0,0,Lower
1,23,202,1,1,100,0,0,0,19,10,0,0,0,Lower
1,32,257,1,1,100,14,0,0,26,7,0,0,0,Lower
1,35,363,1,1,100,14,0,0,25,8,0,0,1,Lower
1,47,286,6,5,0,0,0,0,21,4,0,0,0,Lower
16,84,902,1,1,100,15,6,0,65,4,4,0,0,Lower
3,54,377,14,1,0,13,1,0,25,7,7,0,0,Lower
2,23,242,1,1,100,0,0,0,24,4,2,0,0,Lower
1,32,168,4,1,0,0,0,0,6,0,1,0,0,Lower
1,30,301,13,1,0,0,0,0,11,9,5,0,0,Lower
1,39,233,7,1,0,1,0,0,15,0,3,0,0,Lower
1,20,128,1,1,100,2,1,0,5,1,0,0,0,Lower
4,34,260,1,1,100,0,0,0,18,2,0,0,0,Lower
1,32,229,1,1,100,2,0,0,26,7,0,0,0,Lower
1,14,198,1,1,100,1,0,0,15,10,0,0,0,Lower
3,63,450,15,2,0,0,0,0,31,3,7,0,0,Lower
1,35,250,3,2,0,16,2,0,33,2,1,0,0,Lower
6,60,476,1,1,100,5,5,100,21,3,0,0,0,Lower
1,34,308,1,1,100,0,0,0,27,2,5,0,0,Lower
3,47,320,3,1,0,14,4,0,11,4,0,0,1,Lower
1,71,400,21,1,0,11,1,0,52,0,1,0,0,Lower
1,51,284,4,0,0,1,0,0,31,0,5,0,0,Lower
1,32,242,1,1,100,21,5,0,15,5,0,0,0,Lower
1,51,301,7,1,0,1,1,100,18,0,3,0,0,Lower
7,32,345,1,1,100,13,1,0,13,7,11,0,0,Lower
1,43,292,10,1,0,1,0,0,21,1,0,0,0,Lower
1,25,224,1,1,100,0,0,0,7,11,0,0,0,Lower
1,39,393,1,1,100,0,0,0,15,5,0,0,0,Lower
3,30,243,1,1,100,0,0,0,18,1,0,0,0,Lower
2,56,246,1,1,100,8,1,0,12,7,0,0,0,Lower
1,46,340,1,1,100,1,0,0,13,5,11,0,0,Lower
2,58,384,7,1,0,0,0,0,16,7,1,0,0,Upper
1,34,236,10,1,0,2,0,0,8,2,2,0,0,Lower
1,26,187,1,1,100,13,2,0,14,2,0,0,0,Lower
1,23,149,2,1,0,0,0,0,2,2,0,0,0,Lower
1,28,192,4,1,0,0,0,0,11,0,1,0,0,Lower
1,51,258,14,1,0,7,0,0,11,1,1,0,0,Lower
1,30,220,1,1,100,0,0,0,30,7,7,0,1,Lower
1,26,176,2,1,0,0,0,0,7,0,0,0,0,Lower
1,44,355,1,1,100,0,0,0,17,6,0,0,0,Lower
1,24,336,1,1,100,1,0,0,19,4,8,1,0,Upper
5,45,398,18,18,100,14,14,100,24,1,2,0,0,Upper
1,23,261,3,2,0,3,3,100,15,2,0,0,0,Lower
2,42,356,1,1,100,18,1,0,31,2,7,0,0,Lower
1,11,150,1,1,100,0,0,0,7,4,0,0,0,Lower
3,23,263,1,1,100,17,1,0,25,4,3,0,1,Lower
7,42,467,1,1,100,22,2,0,21,4,5,0,0,Lower
1,106,324,55,1,0,0,0,0,23,2,3,0,0,Lower
1,20,188,1,1,100,2,0,0,10,2,0,0,0,Lower
1,21,189,1,1,100,2,0,0,11,5,0,0,1,Lower
1,15,129,1,1,100,0,0,0,2,2,1,0,0,Lower
9,59,616,1,1,100,1,1,100,34,3,12,0,0,Upper
1,48,418,4,1,0,0,0,0,32,21,0,0,0,Lower
1,49,253,15,14,0,16,16,100,10,4,11,0,0,Lower
1,30,246,4,4,100,0,0,0,9,4,6,0,0,Lower
1,25,233,1,1,100,7,1,0,17,11,0,0,0,Lower
2,20,189,1,1,100,0,0,0,11,7,5,0,0,Upper
1,26,327,1,1,100,0,0,0,28,4,0,0,0,Lower
2,30,273,1,1,100,0,0,0,20,1,7,0,0,Lower
1,30,236,1,1,100,2,0,0,14,2,0,0,0,Lower
5,19,364,5,1,0,5,1,0,26,7,3,0,0,Lower
1,27,160,1,1,100,0,0,0,2,2,1,0,0,Lower
3,48,399,1,1,100,3,0,0,19,4,0,0,0,Lower
1,34,311,1,1,100,0,0,0,24,1,0,0,0,Lower
1,39,294,13,1,0,8,2,0,17,10,6,0,0,Lower
14,60,778,1,1,100,37,7,0,52,4,11,0,0,Lower
2,32,288,1,1,100,1,0,0,15,5,2,0,0,Lower
2,37,246,1,1,100,1,0,0,18,4,7,0,0,Lower
1,26,240,4,1,0,0,0,0,18,3,5,0,0,Lower
2,30,184,1,1,100,0,0,0,14,5,8,0,0,Lower
6,62,603,1,1,100,18,3,0,41,12,8,0,1,Lower
4,51,426,1,1,100,10,10,100,19,9,5,0,0,Lower
1,40,250,8,0,0,9,2,0,9,6,5,0,0,Lower
2,32,284,9,1,0,0,0,0,17,6,6,0,0,Lower
1,38,246,1,1,100,5,0,0,12,6,0,0,0,Lower
2,56,342,10,2,0,0,0,0,11,1,4,0,0,Lower
1,54,277,1,1,100,1,0,0,17,6,0,0,0,Lower
2,31,371,1,1,100,8,0,0,24,11,5,0,0,Upper
1,36,315,14,0,0,4,0,0,19,6,5,0,0,Lower
1,29,177,2,2,100,0,0,0,12,1,5,0,0,Lower
1,25,198,1,1,100,1,0,0,10,2,0,0,0,Lower
1,45,324,10,1,0,0,0,0,15,10,0,0,0,Lower
7,38,517,1,1,100,42,1,0,117,10,16,0,0,Lower
3,42,385,3,2,0,9,3,0,25,9,1,0,0,Lower
1,30,202,3,1,0,0,0,0,10,2,0,0,0,Lower
1,30,296,2,2,100,0,0,0,9,4,5,0,0,Lower
1,20,201,1,1,100,5,0,0,19,10,5,0,0,Lower
1,30,220,7,0,0,9,1,0,8,8,5,0,0,Lower
3,36,215,1,1,100,9,1,0,8,1,1,0,0,Lower
1,29,257,2,2,100,0,0,0,16,6,0,0,0,Lower
1,27,164,1,1,100,1,1,100,5,4,2,0,0,Lower
1,24,140,1,1,100,1,0,0,5,1,0,0,0,Lower
14,88,830,2,2,100,27,27,100,35,7,18,0,1,Lower
1,37,245,1,1,100,6,0,0,21,0,7,0,0,Upper
6,43,372,9,0,0,7,0,0,17,2,9,1,0,Upper
83,493,5699,1,1,100,3,1,0,492,19,84,0,0,Lower
2,55,394,2,2,100,1,1,100,29,2,3,0,1,Lower
4,52,452,10,1,0,4,0,0,25,7,1,0,0,Lower
1,28,247,1,1,100,13,0,0,19,4,2,0,0,Lower
1,28,137,3,1,0,0,0,0,2,2,0,0,0,Lower
3,32,306,1,1,100,0,0,0,35,11,3,0,0,Lower
1,97,682,22,21,0,2,2,100,15,4,2,0,0,Lower
1,30,400,1,1,100,0,0,0,34,14,5,0,0,Lower
1,42,176,1,1,100,2,2,100,2,1,8,0,0,Lower
7,71,524,23,23,100,16,16,100,16,2,3,0,0,Lower
1,49,314,14,1,0,22,2,0,34,6,12,0,0,Lower
1,33,208,1,1,100,9,0,0,12,2,1,0,0,Lower
1,70,316,13,2,0,4,2,0,17,1,0,0,0,Lower
1,36,294,1,1,100,8,2,0,20,3,7,1,0,Lower
1,43,253,1,1,100,9,1,0,15,2,3,0,0,Lower
4,35,375,1,1,100,4,0,0,20,12,7,0,0,Lower
1,26,234,1,1,100,0,0,0,6,9,5,0,0,Lower
1,36,322,1,1,100,0,0,0,11,16,0,0,0,Lower
1,28,261,1,1,100,7,3,0,21,0,8,0,0,Lower
1,42,240,2,2,100,0,0,0,6,1,2,0,0,Lower
1,36,176,1,1,100,0,0,0,6,5,5,0,0,Lower
1,26,210,5,1,0,4,0,0,16,4,5,0,0,Lower
1,29,208,1,1,100,0,0,0,5,3,0,0,0,Lower
1,27,141,1,1,100,0,0,0,5,1,0,0,0,Lower
1,33,185,3,1,0,0,0,0,4,1,1,0,0,Lower
3,44,305,1,1,100,7,1,0,30,0,0,0,1,Upper
2,45,337,1,1,100,11,1,0,29,1,8,0,0,Lower
6,45,436,12,11,0,8,8,100,14,1,5,0,0,Upper
1,26,290,3,2,0,0,0,0,18,3,5,0,0,Lower
1,49,271,2,2,100,0,0,0,15,6,8,0,0,Lower
2,29,255,2,1,0,0,0,0,21,2,0,0,0,Lower
4,40,397,12,1,0,32,1,0,22,11,7,0,0,Lower
1,24,175,3,2,0,0,0,0,4,1,3,0,0,Lower
1,33,186,1,1,100,12,2,0,16,1,2,0,0,Lower
1,37,235,8,1,0,1,1,100,4,2,2,0,0,Lower
1,34,253,4,3,0,0,0,0,8,2,0,0,0,Lower
1,29,197,1,1,100,8,2,0,22,4,1,0,1,Upper
1,24,225,1,1,100,0,0,0,9,2,0,0,0,Lower
4,47,373,13,0,0,8,1,0,28,4,6,0,0,Lower
2,30,288,1,1,100,0,0,0,21,7,5,0,0,Lower
2,33,315,6,1,0,0,0,0,7,13,3,0,0,Lower
1,19,170,1,1,100,5,0,0,22,4,6,0,0,Lower
3,57,489,9,2,0,0,0,0,24,8,1,0,0,Lower
2,40,266,1,1,100,15,0,0,29,4,2,0,0,Lower
2,41,403,2,2,100,14,14,100,25,6,2,0,1,Lower
1,22,235,1,1,100,0,0,0,21,4,0,0,1,Lower
1,19,228,3,0,0,1,1,100,13,0,8,0,0,Lower
37,178,1315,14,3,0,18,4,0,83,12,12,0,0,Lower
2,25,256,1,1,100,6,0,0,15,7,0,0,0,Upper
3,54,348,16,1,0,1,0,0,17,1,0,0,0,Lower
4,26,285,3,1,0,1,0,0,18,2,5,0,0,Lower
2,43,250,9,1,0,0,0,0,12,3,0,0,0,Lower
1,23,200,2,1,0,0,0,0,18,5,5,0,0,Lower
2,30,169,1,1,100,4,0,0,5,2,0,0,0,Lower
1,26,145,1,1,100,3,0,0,5,1,2,0,1,Upper
1,30,203,1,1,100,0,0,0,30,4,5,0,0,Upper
2,29,191,1,1,100,0,0,0,9,2,1,0,0,Lower
1,42,277,1,1,100,6,0,0,24,4,0,0,0,Upper
2,46,326,14,1,0,14,2,0,27,2,6,1,0,Lower
3,65,589,1,1,100,2,2,100,43,5,8,0,0,Lower
1,24,258,1,1,100,2,0,0,8,14,0,0,0,Lower
1,29,184,3,1,0,0,0,0,10,4,7,0,0,Lower
1,38,296,1,1,100,4,0,0,20,10,0,0,1,Lower
2,29,282,1,1,100,0,0,0,20,6,0,0,0,Lower
7,63,561,1,1,100,34,5,0,46,3,18,0,0,Lower
2,31,234,1,1,100,6,1,0,17,4,0,0,0,Lower
3,34,304,1,1,100,9,3,0,17,3,1,0,1,Upper
1,18,144,1,1,100,0,0,0,16,4,0,0,0,Lower
7,57,764,11,0,0,6,2,0,47,17,8,0,0,Lower
1,37,279,1,1,100,10,0,0,19,10,2,0,0,Lower
3,37,350,3,1,0,0,0,0,28,5,5,0,0,Lower
1,22,270,1,1,100,0,0,0,32,2,5,0,0,Lower
1,14,171,2,2,100,0,0,0,3,11,5,0,0,Lower
3,45,352,12,0,0,9,0,0,22,9,10,0,0,Upper
2,43,374,12,1,0,10,0,0,29,12,2,0,0,Lower
1,39,288,1,1,100,6,6,100,21,2,1,0,0,Lower
2,40,247,7,1,0,1,0,0,15,2,2,0,0,Upper
1,36,246,1,1,100,7,0,0,12,4,3,0,0,Lower
1,43,276,7,0,0,0,0,0,18,2,3,0,0,Lower
1,24,143,1,1,100,0,0,0,13,2,3,0,0,Lower
2,27,258,4,2,0,0,0,0,12,5,5,0,0,Lower
1,35,236,13,0,0,4,0,0,4,2,1,0,0,Lower
1,16,150,1,1,100,1,1,100,5,2,0,0,0,Lower
1,40,203,6,2,0,0,0,0,13,0,1,0,0,Lower
1,36,270,1,1,100,1,0,0,29,0,0,0,0,Lower
1,39,298,17,1,0,17,0,0,26,11,6,0,0,Lower
1,38,296,1,1,100,4,0,0,20,10,0,0,1,Lower
1,59,269,1,1,100,3,0,0,13,4,2,0,1,Lower
1,20,171,1,1,100,2,0,0,12,4,5,0,0,Lower
1,41,225,15,1,0,6,0,0,19,4,0,0,0,Lower
3,34,322,4,3,0,0,0,0,18,2,1,0,0,Upper
1,48,241,2,1,0,0,0,0,7,7,4,0,0,Lower
1,51,342,16,2,0,1,0,0,18,3,0,0,0,Upper
1,49,362,13,13,100,1,1,100,19,5,1,0,0,Lower
1,23,285,1,1,100,3,3,100,16,2,0,0,0,Lower
3,32,239,1,1,100,2,0,0,15,1,6,0,0,Upper
1,35,228,1,1,100,0,0,0,14,4,6,0,0,Lower
1,37,214,1,1,100,8,0,0,21,4,6,0,0,Lower
4,41,406,1,1,100,11,1,0,23,12,3,0,0,Upper
1,27,284,1,1,100,0,0,0,14,16,0,0,0,Lower
13,83,680,1,1,100,7,2,0,27,4,5,0,1,Lower
1,27,181,1,1,100,15,1,0,9,2,8,0,0,Lower
2,70,614,1,1,100,3,1,0,36,4,0,0,0,Lower
1,23,249,1,1,100,0,0,0,18,3,5,0,0,Lower
2,41,358,1,1,100,9,1,0,19,11,13,0,1,Lower
1,23,193,4,0,0,0,0,0,2,4,1,0,0,Lower
1,36,267,1,1,100,10,0,0,15,10,0,0,0,Lower
1,33,183,1,1,100,0,0,0,2,4,0,0,0,Lower
1,33,158,1,1,100,0,0,0,9,0,0,0,0,Lower
3,30,286,1,1,100,0,0,0,33,3,5,0,0,Lower
1,49,302,1,1,100,11,0,0,22,4,1,0,0,Lower
1,35,390,1,1,100,25,9,0,24,1,6,0,0,Lower
1,36,408,7,1,0,0,0,0,27,14,0,0,0,Lower
1,40,276,6,0,0,0,0,0,16,0,7,0,0,Lower
1,29,240,2,2,100,0,0,0,12,6,5,0,0,Lower
3,30,273,2,2,100,0,0,0,13,0,3,0,0,Lower
1,23,188,1,1,100,0,0,0,9,10,5,0,0,Lower
1,33,315,1,1,100,17,4,0,18,2,0,0,0,Lower
1,29,340,1,1,100,1,0,0,40,2,0,0,0,Lower
1,27,276,1,1,100,0,0,0,22,7,7,0,0,Lower
2,42,264,1,1,100,12,3,0,11,0,3,0,1,Lower
1,37,207,12,2,0,3,0,0,7,2,1,0,0,Lower
1,21,223,5,2,0,0,0,0,17,7,0,0,0,Upper
2,34,348,5,0,0,0,0,0,17,12,0,0,0,Lower
1,22,171,1,1,100,12,0,0,17,4,0,0,0,Lower
1,36,353,10,10,100,1,1,100,36,6,0,0,0,Lower
1,27,268,1,1,100,5,2,0,10,1,0,0,1,Lower
1,31,371,1,1,100,5,1,0,16,5,4,0,0,Lower
1,58,313,7,1,0,2,0,0,18,6,3,0,0,Lower
2,40,294,4,2,0,1,0,0,16,1,5,0,0,Lower
1,28,214,3,0,0,0,0,0,7,4,3,0,0,Lower
3,44,380,9,1,0,0,0,0,23,5,1,0,0,Lower
1,36,248,1,1,100,1,0,0,23,2,5,0,0,Lower
1,28,308,3,2,0,0,0,0,23,4,8,0,0,Lower
1,34,185,1,1,100,4,0,0,8,0,0,0,0,Lower
2,45,389,1,1,100,4,1,0,26,9,0,0,0,Lower
1,24,169,0,0,100,5,0,0,15,1,0,0,0,Lower
1,25,233,2,1,0,1,0,0,12,5,0,0,0,Lower
3,39,301,1,1,100,3,0,0,23,4,3,0,1,Upper
1,28,197,1,1,100,0,0,0,14,5,5,0,0,Lower
1,24,140,1,1,100,0,0,0,5,1,0,0,0,Lower
1,22,255,3,1,0,0,0,0,18,4,5,0,0,Upper
2,37,207,9,1,0,0,0,0,6,2,1,0,0,Lower
1,33,221,1,1,100,4,1,0,12,6,8,0,1,Lower
1,26,161,2,1,0,0,0,0,4,1,0,0,0,Lower
5,44,390,1,1,100,29,29,100,19,2,20,0,0,Lower
1,40,310,12,1,0,1,0,0,16,1,3,0,0,Lower
2,32,434,4,0,0,0,0,0,14,40,0,0,0,Upper
1,44,232,4,4,100,0,0,0,3,3,0,0,0,Lower
1,29,236,4,1,0,0,0,0,4,3,5,0,0,Lower
1,36,211,1,1,100,12,0,0,11,1,4,0,0,Lower
2,67,437,19,0,0,5,2,0,14,4,2,0,0,Lower
1,27,273,5,2,0,0,0,0,15,4,5,0,0,Lower
4,58,522,1,1,100,12,1,0,39,5,7,0,1,Lower
2,18,151,1,1,100,3,0,0,6,6,3,0,0,Lower
3,42,322,1,1,100,6,2,0,12,6,0,0,1,Upper
2,37,332,1,1,100,12,2,0,40,0,0,0,0,Lower
1,51,256,19,19,100,5,5,100,13,1,1,0,1,Upper
2,80,295,14,1,0,1,0,0,14,5,2,0,0,Lower
3,30,332,1,1,100,0,0,0,18,3,0,0,0,Lower
2,39,262,1,1,100,1,1,100,9,4,1,0,0,Lower
1,26,195,1,1,100,0,0,0,7,4,5,0,0,Lower
2,63,336,17,2,0,5,0,0,18,2,0,0,1,Lower
1,66,466,21,1,0,2,0,0,33,4,2,0,1,Upper
3,32,266,4,1,0,0,0,0,6,1,5,0,0,Lower
2,29,205,1,1,100,4,0,0,17,1,0,0,0,Lower
1,22,174,1,1,100,27,5,0,19,2,2,0,0,Lower
2,27,271,1,1,100,1,0,0,8,4,0,0,0,Lower
1,36,290,4,2,0,0,0,0,24,3,0,0,0,Lower
4,47,321,9,0,0,3,0,0,19,1,1,0,0,Lower
1,36,187,1,1,100,0,0,0,14,1,0,0,0,Lower
4,38,434,1,1,100,5,5,100,26,5,3,0,0,Upper
3,42,367,1,1,100,0,0,0,29,2,7,0,0,Lower
1,43,295,1,1,100,2,2,100,10,4,0,0,0,Lower
1,35,226,1,1,100,0,0,0,14,1,1,0,0,Lower
1,43,209,9,1,0,1,0,0,9,0,0,0,0,Lower
1,28,168,11,0,0,6,0,0,12,4,6,0,0,Upper
1,37,163,1,1,100,0,0,0,11,0,0,0,0,Lower
1,24,182,1,1,100,0,0,0,9,1,1,0,0,Lower
1,26,301,5,1,0,0,0,0,28,4,5,0,0,Lower
1,35,256,1,1,100,0,0,0,14,4,0,0,1,Lower
7,64,601,13,2,0,28,2,0,49,2,10,1,0,Lower
1,30,172,1,1,100,8,3,0,8,1,1,0,1,Upper
1,55,229,14,1,0,22,0,0,28,4,0,0,0,Lower
3,46,375,13,0,0,1,0,0,12,10,4,0,0,Upper
12,83,576,1,1,100,2,2,100,12,4,20,0,1,Lower
1,27,152,1,1,100,0,0,0,5,1,2,0,0,Lower
2,27,283,3,2,0,1,1,100,23,2,5,0,0,Lower
2,25,233,1,1,100,5,1,0,13,10,0,0,0,Lower
1,25,234,4,1,0,0,0,0,9,4,5,0,0,Upper
1,24,240,1,1,100,0,0,0,10,11,5,0,0,Lower
1,29,180,1,1,100,0,0,0,10,0,1,0,0,Lower
2,35,164,11,0,0,6,0,0,6,3,6,0,0,Lower
108,365,4331,1,1,100,10,10,100,150,2,67,0,0,Upper
1,23,229,2,1,0,0,0,0,7,9,5,0,0,Upper
1,43,251,1,1,100,0,0,0,17,5,3,0,1,Lower
2,22,166,1,1,100,0,0,0,7,1,8,0,0,Lower
1,36,186,5,1,0,0,0,0,4,4,0,0,0,Lower
1,38,320,14,2,0,5,3,0,11,9,0,0,0,Upper
1,26,233,1,1,100,0,0,0,13,4,0,0,0,Lower
1,39,228,17,1,0,1,0,0,7,2,1,0,0,Lower
1,25,207,1,1,100,0,0,0,11,2,1,0,0,Lower
1,31,192,2,0,0,5,1,0,9,3,1,0,0,Lower
1,39,347,1,1,100,13,5,0,22,4,6,0,0,Lower
2,51,196,10,2,0,0,0,0,2,2,0,0,0,Lower
1,22,211,1,1,100,0,0,0,6,2,1,0,0,Lower
1,22,195,1,1,100,0,0,0,10,3,2,0,0,Lower
2,53,264,1,1,100,0,0,0,11,0,5,0,0,Lower
2,49,297,18,18,100,12,12,100,17,2,0,0,0,Lower
38,82,2624,19,19,100,13,13,100,216,31,39,0,0,Lower
1,37,268,1,1,100,0,0,0,26,0,2,0,0,Lower
1,46,361,1,1,100,1,0,0,27,12,0,0,0,Lower
1,30,333,1,1,100,0,0,0,24,2,0,0,0,Lower
1,15,151,1,1,100,0,0,0,4,4,5,0,0,Lower
2,27,188,1,1,100,0,0,0,6,3,6,0,0,Lower
1,25,225,5,1,0,0,0,0,11,10,5,0,0,Lower
2,35,326,1,1,100,8,0,0,26,6,5,0,0,Upper
2,29,205,1,1,100,0,0,0,6,1,3,0,0,Lower
1,27,172,6,2,0,0,0,0,2,1,1,0,0,Lower
3,43,324,1,1,100,6,1,0,18,4,0,0,0,Lower
1,29,150,2,2,100,0,0,0,2,1,0,0,0,Lower
1,39,233,1,1,100,1,0,0,16,4,0,0,0,Lower
1,23,226,1,1,100,0,0,0,15,10,7,0,0,Upper
3,44,355,8,8,100,11,11,100,15,5,1,0,0,Lower
14,85,795,1,1,100,30,4,0,37,0,17,0,0,Lower
1,25,182,4,2,0,0,0,0,11,2,0,0,0,Lower
3,16,184,1,1,100,0,0,0,8,0,0,0,0,Upper
4,43,279,1,1,100,23,0,0,23,4,0,0,0,Upper
1,25,193,1,1,100,0,0,0,16,2,6,0,0,Lower
1,30,203,1,1,100,0,0,0,15,2,5,0,0,Lower
3,32,235,1,1,100,0,0,0,8,6,0,0,0,Upper
1,49,225,1,1,100,2,0,0,10,0,2,0,0,Lower
1,48,235,11,11,100,0,0,0,7,4,0,0,0,Lower
1,45,297,12,1,0,5,0,0,7,4,1,0,0,Lower
1,24,248,1,1,100,25,25,100,27,4,10,0,0,Lower
1,23,180,2,1,0,0,0,0,6,1,0,0,0,Lower
1,18,158,1,1,100,0,0,0,3,2,1,0,0,Lower
1,23,230,2,1,0,0,0,0,13,5,0,0,0,Lower
1,42,237,12,1,0,1,0,0,6,2,0,0,0,Lower
1,31,214,10,1,0,3,0,0,6,3,1,0,0,Lower
1,40,266,1,1,100,2,1,0,11,6,0,0,0,Lower
1,20,229,1,1,100,7,0,0,21,6,1,0,0,Lower
1,30,199,1,1,100,4,2,0,7,4,0,0,0,Lower
1,22,225,1,1,100,0,0,0,14,10,5,0,0,Lower
1,26,252,7,3,0,1,1,100,26,3,0,0,0,Upper
1,24,152,1,1,100,0,0,0,6,1,0,0,0,Upper
1,14,185,1,1,100,0,0,0,23,4,5,0,0,Lower
1,20,283,2,1,0,0,0,0,13,22,2,0,0,Lower
1,19,171,1,1,100,1,0,0,9,2,1,1,0,Upper
1,28,173,2,1,0,0,0,0,7,1,1,0,0,Lower
1,17,143,5,1,0,2,0,0,2,1,1,0,0,Lower
1,30,200,3,2,0,0,0,0,8,1,1,0,0,Lower
1,23,126,1,1,100,0,0,0,6,0,1,0,0,Lower
1,33,215,3,1,0,0,0,0,2,3,2,0,0,Lower
1,45,245,6,1,0,0,0,0,9,5,2,0,0,Lower
3,43,391,10,1,0,2,1,0,27,6,0,0,0,Upper
2,53,349,1,1,100,13,13,100,30,1,1,0,1,Lower
10,65,459,1,1,100,0,0,0,21,3,6,0,0,Lower
1,26,301,3,2,0,0,0,0,12,3,7,0,0,Upper
1,32,241,1,1,100,0,0,0,27,0,5,0,0,Upper
2,23,233,1,1,100,1,1,100,29,1,0,0,0,Upper
2,30,218,1,1,100,12,2,0,14,3,0,0,1,Lower
1,45,275,1,1,100,8,2,0,12,0,1,0,1,Lower
1,30,320,4,3,0,8,2,0,29,3,5,0,0,Lower
7,127,562,23,23,100,7,7,100,15,0,2,1,0,Upper
1,33,260,2,2,100,0,0,0,22,4,5,0,0,Upper
2,28,220,4,2,0,0,0,0,6,4,0,0,0,Lower
1,26,213,1,1,100,0,0,0,9,4,0,0,0,Lower
1,34,178,1,1,100,6,1,0,9,1,0,0,0,Lower
1,35,262,1,1,100,0,0,0,25,0,1,0,0,Lower
3,52,278,11,0,0,0,0,0,8,3,1,0,0,Lower
1,28,129,1,1,100,6,0,0,5,1,0,0,0,Lower
7,57,389,1,1,100,15,1,0,25,2,1,0,0,Lower
1,24,168,1,1,100,1,1,100,14,0,0,0,1,Lower
1,31,178,1,1,100,0,0,0,9,2,0,0,0,Lower
1,29,207,3,2,0,0,0,0,6,4,0,0,0,Lower
1,44,491,1,1,100,6,1,0,17,2,3,0,0,Lower
1,44,314,1,1,100,9,9,100,30,0,1,0,0,Upper
4,33,316,9,0,0,3,0,0,21,11,1,0,0,Lower
1,27,214,1,1,100,0,0,0,17,0,7,0,0,Lower
5,72,597,4,4,100,10,10,100,65,5,9,1,0,Upper
1,22,216,1,1,100,0,0,0,15,10,0,0,0,Upper
1,28,242,1,1,100,0,0,0,9,6,3,0,0,Lower
1,36,200,1,1,100,12,0,0,17,0,1,0,1,Lower
1,24,164,5,1,0,0,0,0,6,1,0,0,0,Upper
1,35,193,19,2,0,6,0,0,13,4,0,0,0,Lower
1,37,190,5,1,0,0,0,0,10,1,0,0,0,Lower
1,21,240,1,1,100,1,0,0,18,0,0,0,1,Lower
1,50,227,1,1,100,0,0,0,5,2,0,0,0,Lower
1,28,179,1,1,100,1,1,100,5,2,0,0,0,Lower
1,32,213,1,1,100,1,1,100,11,2,1,0,0,Lower
1,22,130,1,1,100,0,0,0,2,2,5,0,0,Lower
1,23,170,2,2,100,0,0,0,2,2,0,0,0,Lower
5,41,327,1,1,100,17,17,100,13,1,0,0,0,Lower
1,26,191,4,1,0,0,0,0,11,3,0,0,0,Upper
1,13,175,1,1,100,0,0,0,10,2,0,0,0,Lower
2,28,250,3,0,0,0,0,0,12,3,1,0,0,Lower
1,22,180,1,1,100,0,0,0,13,4,0,0,1,Lower
5,53,525,1,1,100,12,3,0,23,9,2,0,1,Lower
9,76,547,2,2,100,38,38,100,18,0,6,0,0,Upper
2,19,206,1,1,100,19,19,100,14,8,0,0,1,Upper
1,38,238,12,2,0,11,1,0,10,2,1,1,0,Lower
1,35,202,15,15,100,1,1,100,16,3,0,0,1,Lower
1,39,246,1,1,100,0,0,0,17,4,9,0,0,Upper
1,43,347,1,1,100,0,0,0,30,2,5,0,0,Upper
2,31,375,1,1,100,2,1,0,13,5,0,1,0,Lower
1,47,274,13,1,0,2,1,0,9,0,2,0,0,Lower
2,25,262,1,1,100,2,0,0,13,6,2,0,0,Lower
1,35,174,1,1,100,18,2,0,14,0,1,0,0,Lower
1,21,153,1,1,100,0,0,0,4,4,2,0,0,Upper
1,46,246,11,0,0,1,1,100,10,1,3,0,0,Lower
1,28,163,1,1,100,0,0,0,5,2,0,0,1,Lower
4,40,242,2,2,100,1,1,100,15,1,0,0,1,Lower
1,38,248,15,14,0,16,16,100,19,2,2,0,0,Lower
1,28,155,1,1,100,0,0,0,11,0,1,0,0,Lower
1,24,175,1,1,100,0,0,0,11,3,0,0,0,Lower
1,22,129,1,1,100,1,0,0,6,2,0,0,1,Lower
2,51,307,11,1,0,0,0,0,17,1,2,0,0,Lower
1,48,271,11,1,0,1,0,0,10,1,1,0,0,Lower
1,53,266,1,1,100,1,0,0,10,1,6,0,0,Upper
2,46,288,9,0,0,1,0,0,8,3,0,0,0,Upper
1,36,266,12,1,0,5,1,0,14,3,5,0,0,Lower
1,17,194,1,1,100,0,0,0,10,4,9,0,0,Lower
3,56,311,1,1,100,11,3,0,14,0,1,0,1,Lower
1,31,154,4,1,0,1,0,0,4,2,1,0,0,Lower
1,35,302,2,2,100,0,0,0,8,1,0,0,0,Lower
1,40,181,9,1,0,0,0,0,6,1,0,0,0,Lower
1,63,242,27,1,0,13,0,0,10,1,12,0,0,Lower
1,29,195,1,1,100,4,4,100,15,0,1,0,0,Upper
1,21,209,3,1,0,7,1,0,10,2,1,0,0,Lower
1,23,153,1,1,100,0,0,0,6,2,0,0,0,Lower
1,44,300,15,14,0,16,16,100,10,4,11,0,0,Lower
2,26,195,4,1,0,0,0,0,8,2,0,0,0,Lower
2,32,282,1,1,100,8,0,0,19,4,2,0,0,Upper
1,60,287,5,1,0,0,0,0,11,4,5,0,0,Lower
2,29,218,2,1,0,14,0,0,29,4,0,0,1,Upper
4,47,359,17,16,0,12,12,100,20,4,6,0,0,Upper
1,45,297,1,1,100,15,14,0,10,0,0,0,0,Lower
14,72,716,2,2,100,27,27,100,22,2,17,0,1,Lower
2,41,296,1,1,100,0,0,0,11,1,1,0,0,Lower
1,29,166,2,1,0,0,0,0,6,0,0,0,0,Lower
1,20,161,2,1,0,0,0,0,6,3,0,0,0,Upper
1,31,176,5,1,0,0,0,0,10,1,0,0,0,Lower
3,47,297,8,1,0,2,0,0,8,5,1,0,0,Upper
2,57,267,17,0,0,14,1,0,13,1,0,0,1,Lower
1,25,160,1,1,100,0,0,0,5,1,2,0,0,Lower
2,37,224,1,1,100,11,3,0,7,0,2,0,0,Lower
1,32,198,1,1,100,0,0,0,9,1,0,0,0,Lower
1,22,155,1,1,100,1,0,0,6,1,0,0,0,Lower
1,36,228,1,1,100,15,2,0,6,1,0,0,0,Lower
1,37,187,4,2,0,0,0,0,6,1,0,0,0,Lower
2,28,134,1,1,100,0,0,0,5,1,0,0,0,Lower
2,27,217,1,1,100,0,0,0,21,2,5,0,0,Lower
18,51,796,1,1,100,18,18,100,26,4,19,0,1,Lower
1,29,166,1,1,100,0,0,0,11,0,1,0,0,Lower
1,28,146,3,2,0,1,0,0,2,2,0,0,0,Lower
7,50,709,11,1,0,6,2,0,44,11,5,0,0,Lower
4,23,319,5,1,0,5,2,0,20,2,0,0,0,Lower
1,26,234,1,1,100,0,0,0,21,4,5,0,0,Upper
5,59,420,14,1,0,9,1,0,19,2,4,0,0,Lower
2,34,193,2,1,0,0,0,0,12,1,0,0,0,Lower
1,33,158,3,0,0,0,0,0,2,3,5,0,0,Lower
2,62,393,43,0,0,5,0,0,16,10,5,0,0,Lower
1,20,126,1,1,100,1,1,100,5,2,0,0,0,Lower
1,42,233,3,0,0,0,0,0,14,4,5,0,0,Lower
1,40,218,6,1,0,2,0,0,4,2,0,0,0,Lower
1,18,166,1,1,100,0,0,0,5,3,0,0,0,Lower
4,71,371,9,9,100,5,5,100,11,1,1,0,0,Lower
1,32,213,1,1,100,11,1,0,17,1,0,0,0,Lower
1,38,197,12,2,0,9,2,0,3,1,4,0,0,Lower
1,62,344,12,2,0,10,0,0,16,5,1,0,0,Lower
1,28,168,3,1,0,0,0,0,6,1,0,0,0,Lower
1,36,179,1,1,100,0,0,0,9,0,0,0,0,Lower
1,43,181,1,1,100,0,0,0,9,0,0,0,0,Lower
1,32,303,1,1,100,0,0,0,16,2,8,0,0,Lower
1,24,135,1,1,100,0,0,0,5,2,0,0,0,Lower
1,24,164,1,1,100,0,0,0,9,4,2,0,0,Lower
1,25,126,2,1,0,0,0,0,5,1,0,0,0,Lower
2,48,242,5,5,100,0,0,0,2,1,5,0,0,Lower
1,28,209,1,1,100,1,0,0,12,2,1,0,0,Lower
1,34,193,4,1,0,0,0,0,10,0,0,0,0,Lower
1,24,141,3,1,0,0,0,0,2,1,0,0,0,Lower
3,45,274,9,1,0,7,0,0,8,1,0,0,0,Lower
1,17,101,4,1,0,0,0,0,2,2,2,0,0,Lower
1,22,204,1,1,100,1,0,0,5,4,0,0,0,Lower
1,27,230,1,1,100,0,0,0,15,2,2,0,0,Lower
1,23,158,1,1,100,0,0,0,5,1,1,0,0,Lower
14,63,775,1,1,100,37,7,0,42,2,8,0,0,Lower
2,41,233,1,1,100,15,15,100,13,3,0,0,0,Lower
1,21,209,1,1,100,1,1,100,10,1,3,0,1,Lower
1,34,258,1,1,100,0,0,0,9,4,0,0,0,Lower
1,21,198,1,1,100,0,0,0,21,3,0,0,0,Lower
1,34,228,1,1,100,1,0,0,16,1,0,0,0,Lower
1,16,140,1,1,100,0,0,0,2,2,5,0,0,Lower
1,27,188,2,1,0,0,0,0,8,2,2,0,0,Lower
1,27,128,1,1,100,0,0,0,5,1,0,0,0,Lower
3,33,235,1,1,100,10,1,0,10,2,2,0,1,Lower
1,39,209,1,1,100,0,0,0,12,1,0,0,0,Lower
20,228,1313,59,58,0,37,37,100,39,14,4,0,1,Lower
1,23,158,6,1,0,0,0,0,2,1,3,0,0,Lower
2,34,265,5,0,0,0,0,0,14,4,0,0,0,Lower
1,16,176,1,1,100,4,1,0,7,2,1,0,0,Lower
1,16,168,1,1,100,0,0,0,9,2,0,0,0,Lower
1,32,167,1,1,100,0,0,0,5,2,2,0,0,Lower
2,29,234,1,1,100,1,0,0,11,3,1,0,0,Lower
1,30,165,1,1,100,0,0,0,11,0,2,0,0,Lower
1,28,153,2,1,0,0,0,0,2,2,1,0,0,Lower
1,15,158,3,1,0,0,0,0,6,1,0,0,0,Lower
1,42,175,12,0,0,2,0,0,2,2,5,0,0,Lower
6,55,426,1,1,100,40,4,0,29,0,14,0,0,Lower
1,24,186,5,1,0,4,1,0,6,2,1,0,0,Lower
1,30,236,3,1,0,0,0,0,8,4,1,0,0,Lower
1,33,216,2,1,0,0,0,0,10,1,2,0,0,Lower
1,34,237,3,1,0,14,4,0,14,2,0,0,1,Lower
1,18,173,1,1,100,3,1,0,9,2,5,0,0,Lower
5,33,372,10,0,0,6,2,0,15,4,0,0,0,Lower
2,62,293,11,2,0,6,0,0,7,5,1,0,0,Lower
2,68,373,1,1,100,3,1,0,14,2,0,0,0,Lower
1,38,198,7,1,0,0,0,0,10,4,0,0,1,Lower
1,40,252,1,1,100,9,1,0,13,2,2,0,0,Lower
1,29,184,1,1,100,6,2,0,5,2,0,0,1,Lower
1,27,173,1,1,100,0,0,0,11,2,0,0,1,Lower
1,42,250,1,1,100,5,0,0,9,4,3,0,0,Lower
2,28,170,1,1,100,0,0,0,5,2,2,0,0,Lower
1,24,180,1,1,100,5,1,0,7,1,0,0,1,Lower
1,44,290,12,2,0,2,0,0,6,4,1,0,0,Lower
1,38,163,1,1,100,9,1,0,5,1,1,0,0,Lower
1,23,166,1,1,100,4,0,0,10,1,1,0,0,Lower
1,46,236,9,0,0,0,0,0,8,1,1,0,0,Lower
1,39,208,1,1,100,10,0,0,5,2,1,0,0,Lower
1,24,156,1,1,100,0,0,0,9,3,0,0,0,Lower
1,36,287,8,1,0,2,0,0,12,0,0,0,0,Lower
1,30,161,12,0,0,7,0,0,4,2,3,0,0,Lower
1,28,139,1,1,100,0,0,0,6,1,0,0,0,Lower
6,85,664,1,1,100,18,6,0,40,1,0,0,1,Lower
1,44,196,3,1,0,4,0,0,11,1,0,0,0,Lower
1,41,232,1,1,100,1,0,0,13,0,1,0,0,Lower
1,34,190,10,1,0,10,2,0,9,1,3,0,0,Lower
1,29,187,1,1,100,0,0,0,7,1,0,0,0,Lower
2,35,252,1,1,100,18,1,0,15,2,1,0,0,Lower
6,59,382,17,1,0,12,3,0,7,1,5,1,0,Lower
1,29,187,1,1,100,1,1,100,7,3,0,0,0,Lower
1,58,256,6,2,0,0,0,0,7,0,2,0,0,Lower
2,27,244,4,1,0,8,0,0,6,4,0,0,0,Lower
1,21,188,1,1,100,0,0,0,6,2,2,0,0,Lower
2,50,248,15,1,0,0,0,0,12,1,0,0,0,Lower
1,30,181,13,0,0,0,0,0,2,2,1,0,0,Lower
1,40,226,11,11,100,0,0,0,2,1,0,0,0,Lower
1,33,229,1,1,100,7,1,0,5,1,0,0,0,Lower
1,22,203,3,1,0,0,0,0,6,1,2,0,0,Lower
1,31,187,4,1,0,0,0,0,2,2,0,0,0,Lower
1,55,275,20,20,100,0,0,0,10,0,0,0,0,Lower
1,28,193,3,0,0,0,0,0,6,2,1,0,0,Lower
1,24,201,1,1,100,5,0,0,5,3,0,0,0,Lower
1,32,173,1,1,100,3,0,0,7,1,0,0,1,Lower
1,36,229,1,1,100,13,3,0,8,2,6,0,0,Lower
1,29,189,6,1,0,0,0,0,2,2,0,0,0,Lower
1,18,206,2,1,0,0,0,0,6,2,1,0,0,Lower
1,26,164,1,1,100,0,0,0,5,2,1,0,0,Lower
1,22,169,3,1,0,0,0,0,6,2,2,0,0,Lower
1,26,116,1,1,100,0,0,0,2,1,0,0,0,Lower
1,34,211,1,1,100,6,0,0,9,1,0,0,0,Upper
1,44,307,1,1,100,32,4,0,12,2,20,0,1,Lower
1,28,137,2,1,0,0,0,0,2,1,0,0,0,Lower
1,24,173,7,0,0,1,0,0,2,2,1,0,0,Lower
1,31,193,3,2,0,0,0,0,4,1,0,0,0,Lower
1,42,261,1,1,100,7,7,100,9,2,7,0,0,Lower
1,22,177,1,1,100,4,1,0,9,2,0,0,1,Lower
1,45,234,16,1,0,1,0,0,3,3,0,0,0,Lower
2,28,227,1,1,100,4,0,0,15,1,0,0,0,Lower
1,32,244,4,0,0,0,0,0,6,4,1,0,0,Lower
1,30,211,4,4,100,0,0,0,7,2,0,0,0,Lower
1,19,174,2,1,0,0,0,0,3,2,1,0,0,Lower
1,37,204,13,1,0,2,0,0,3,2,1,0,0,Lower
1,23,145,1,1,100,0,0,0,5,2,1,0,0,Lower
1,44,205,1,1,100,13,1,0,9,0,3,0,0,Lower
1,21,144,1,1,100,0,0,0,2,3,1,0,0,Lower
1,29,164,2,2,100,0,0,0,2,2,1,0,0,Lower
1,30,190,6,1,0,0,0,0,11,0,0,0,0,Lower
1,33,197,4,1,0,0,0,0,4,1,1,0,0,Lower
1,21,204,1,1,100,0,0,0,7,3,0,0,0,Lower
1,23,185,1,1,100,0,0,0,4,2,1,0,0,Lower
1,20,136,1,1,100,0,0,0,2,2,0,0,0,Lower
3,58,264,1,1,100,9,1,0,9,1,0,0,0,Lower
1,51,306,14,1,0,14,3,0,10,5,2,1,0,Lower
1,32,163,12,1,0,0,0,0,6,1,3,0,0,Lower
7,40,430,1,1,100,42,3,0,95,2,13,0,0,Lower
1,27,171,4,2,0,1,0,0,8,1,3,0,0,Lower
1,27,224,1,1,100,1,0,0,15,0,0,0,0,Lower
1,20,179,2,0,0,0,0,0,8,2,1,0,0,Lower
1,37,211,11,1,0,9,0,0,6,1,1,0,1,Lower
1,31,200,1,1,100,0,0,0,9,1,2,0,0,Upper
3,69,359,13,2,0,7,1,0,13,3,2,0,0,Lower
1,20,145,1,1,100,0,0,0,9,1,0,0,0,Lower
1,33,237,8,0,0,9,1,0,4,2,1,0,0,Lower
1,26,137,1,1,100,1,0,0,10,0,2,0,0,Lower
1,30,139,3,1,0,0,0,0,6,1,0,0,0,Lower
1,27,159,5,1,0,0,0,0,2,2,1,0,0,Lower
1,37,146,1,1,100,2,2,100,9,1,2,0,1,Lower
37,187,1324,14,2,0,18,4,0,86,8,14,0,0,Lower
1,19,157,1,1,100,0,0,0,6,2,1,0,0,Lower
4,48,447,3,2,0,27,4,0,18,5,5,0,0,Lower
1,39,243,13,1,0,3,0,0,12,0,5,0,0,Lower
1,27,200,5,1,0,0,0,0,12,0,0,0,0,Lower
2,29,260,3,1,0,1,0,0,14,5,1,0,0,Lower
1,17,157,1,1,100,0,0,0,9,1,2,0,0,Lower
1,23,174,1,1,100,0,0,0,10,3,0,0,0,Lower
1,24,186,1,1,100,0,0,0,13,2,1,0,0,Lower
1,37,194,4,1,0,1,0,0,6,0,0,0,0,Lower
1,35,178,6,1,0,0,0,0,7,3,2,0,0,Lower
1,25,180,1,1,100,5,1,0,13,2,1,0,0,Lower
1,37,222,7,1,0,1,0,0,3,2,0,0,0,Lower
1,27,200,1,1,100,8,3,0,8,2,0,0,0,Lower
1,28,236,1,1,100,5,5,100,19,1,2,0,0,Lower
1,28,174,1,1,100,18,18,100,9,2,4,0,0,Lower
1,39,212,14,1,0,3,0,0,2,1,0,0,0,Lower
1,33,171,1,1,100,4,0,0,5,2,1,0,0,Lower
4,42,254,1,1,100,5,5,100,10,1,0,0,0,Lower
1,36,220,6,1,0,0,0,0,6,2,1,0,0,Lower
1,24,169,3,1,0,0,0,0,2,4,5,0,0,Lower
2,32,181,1,1,100,0,0,0,11,0,1,0,0,Lower
1,54,282,22,0,0,23,3,0,22,4,4,0,0,Upper
1,22,154,1,1,100,9,1,0,8,2,1,1,0,Lower
1,37,204,15,1,0,10,0,0,7,1,0,0,0,Upper
1,30,177,1,1,100,5,0,0,9,1,0,0,0,Lower
5,26,312,1,1,100,13,2,0,12,1,4,0,0,Lower
1,29,234,1,1,100,7,3,0,12,1,2,0,0,Lower
2,44,316,9,2,0,1,1,100,18,3,1,0,0,Lower
1,38,222,1,1,100,1,0,0,11,1,0,0,1,Lower
1,33,172,1,1,100,0,0,0,5,1,0,0,0,Lower
1,22,198,5,0,0,0,0,0,6,2,1,0,0,Lower
2,58,263,15,1,0,9,2,0,10,1,2,0,0,Lower
3,33,268,1,1,100,17,3,0,11,2,3,0,1,Lower
2,45,304,1,1,100,4,2,0,13,1,0,0,1,Lower
1,29,204,1,1,100,4,1,0,10,1,1,0,0,Lower
1,23,187,1,1,100,0,0,0,11,0,0,0,0,Lower
7,59,470,1,1,100,22,3,0,23,1,7,0,0,Lower
1,43,223,14,1,0,4,1,0,4,2,2,0,0,Lower
1,41,214,11,1,0,10,1,0,7,0,1,0,1,Lower
1,25,171,1,1,100,0,0,0,5,2,1,0,0,Lower
1,15,122,1,1,100,0,0,0,5,1,0,0,0,Lower
1,38,214,1,1,100,1,0,0,10,1,0,0,1,Lower
1,33,225,5,1,0,0,0,0,6,2,0,0,0,Lower
3,42,286,1,1,100,9,4,0,10,0,2,0,0,Lower
2,34,259,8,0,0,1,1,100,11,4,0,0,0,Lower
1,30,216,1,1,100,14,0,0,16,3,0,0,0,Lower
1,29,182,1,1,100,0,0,0,13,1,0,0,0,Lower
17,92,962,1,1,100,23,2,0,59,5,7,0,0,Lower
1,51,188,18,1,0,9,1,0,5,1,0,0,0,Lower
1,25,243,1,1,100,2,0,0,8,3,1,0,0,Lower
2,26,235,1,1,100,3,1,0,13,2,5,0,0,Lower
1,34,173,3,2,0,16,2,0,18,1,1,0,0,Lower
1,18,184,1,1,100,0,0,0,5,6,3,0,0,Lower
1,19,162,1,1,100,0,0,0,5,3,1,0,0,Lower
1,33,211,11,0,0,6,1,0,4,2,1,0,0,Upper
1,46,205,1,1,100,0,0,0,11,1,0,0,0,Lower
1,23,210,1,1,100,13,1,0,18,1,2,0,0,Lower
2,38,300,12,1,0,10,1,0,9,4,2,0,0,Lower
1,29,175,1,1,100,6,6,100,9,1,0,0,0,Lower
1,46,244,10,8,0,1,1,100,8,1,0,0,0,Lower
1,37,217,1,1,100,3,0,0,7,2,2,0,0,Lower
1,28,242,1,1,100,0,0,0,9,4,0,0,0,Lower
1,30,244,1,1,100,9,0,0,9,4,0,0,1,Lower
2,37,221,1,1,100,14,1,0,12,1,0,0,0,Lower
1,30,199,1,1,100,8,8,100,9,1,2,0,1,Lower
1,24,135,1,1,100,1,0,0,5,2,0,0,0,Lower
1,21,132,1,1,100,0,0,0,2,1,0,0,0,Lower
1,27,151,1,1,100,0,0,0,5,1,1,0,0,Upper
1,25,132,2,1,0,0,0,0,2,1,0,0,0,Lower
1,32,209,1,1,100,10,1,0,13,1,0,0,0,Lower
2,32,270,1,1,100,2,1,0,16,5,0,0,0,Upper
1,31,154,4,1,0,0,0,0,2,2,1,0,0,Lower
2,37,209,1,1,100,12,12,100,6,1,1,0,1,Lower
1,22,167,2,1,0,0,0,0,6,1,1,0,0,Lower
1,17,176,1,1,100,1,0,0,9,2,0,0,0,Lower
1,21,141,1,1,100,0,0,0,9,2,0,0,0,Lower
1,23,199,3,0,0,0,0,0,8,2,1,0,0,Lower
2,79,580,22,21,0,2,2,100,2,3,6,0,0,Lower
1,22,177,1,1,100,8,8,100,9,2,0,0,0,Lower
1,21,146,1,1,100,0,0,0,5,1,0,0,0,Lower
1,33,218,1,1,100,0,0,0,9,0,1,0,0,Lower
1,18,153,2,1,0,7,1,0,10,1,0,0,1,Lower
1,41,256,1,1,100,21,5,0,7,1,0,0,0,Lower
9,80,678,2,1,0,41,3,0,47,1,11,0,1,Lower
2,52,299,1,1,100,8,1,0,21,0,0,1,0,Lower
1,18,182,1,1,100,0,0,0,6,2,5,0,0,Lower
1,29,185,1,1,100,0,0,0,13,1,0,0,1,Lower
5,52,528,1,1,100,17,6,0,28,1,1,0,1,Lower
1,39,250,13,1,0,8,2,0,6,2,2,0,0,Lower
1,44,258,10,1,0,1,0,0,8,3,0,0,0,Lower
4,64,430,13,4,0,1,0,0,14,2,2,0,0,Lower
1,25,228,1,1,100,2,0,0,13,2,0,0,1,Lower
1,34,169,8,1,0,0,0,0,2,1,1,0,0,Lower
1,33,289,9,1,0,1,0,0,8,4,0,0,0,Lower
1,17,147,1,1,100,0,0,0,5,1,1,0,0,Lower
1,20,154,5,0,0,1,0,0,2,1,2,0,0,Lower
1,37,217,1,1,100,0,0,0,10,1,2,0,0,Lower
1,20,127,1,1,100,0,0,0,5,1,0,0,0,Lower
1,40,193,16,1,0,11,3,0,4,2,1,0,0,Lower
3,31,267,1,1,100,12,1,0,11,1,0,0,0,Lower
1,28,145,2,1,0,0,0,0,2,2,1,0,0,Lower
2,35,227,2,2,100,14,14,100,5,1,2,0,1,Lower
1,26,143,2,1,0,0,0,0,2,1,0,0,0,Lower
3,41,364,7,0,0,1,0,0,17,4,2,0,0,Lower
1,34,183,1,1,100,1,0,0,12,0,0,0,0,Lower
2,32,241,2,2,100,9,1,0,11,1,2,0,0,Lower
1,27,188,6,0,0,0,0,0,6,2,1,0,0,Lower
2,37,261,1,1,100,10,10,100,13,2,0,0,1,Lower
1,24,200,1,1,100,0,0,0,6,5,5,0,0,Lower
5,74,486,15,1,0,9,1,0,33,4,3,0,0,Lower
1,26,157,1,1,100,2,0,0,7,1,0,0,0,Lower
1,26,147,2,1,0,0,0,0,2,3,0,0,0,Lower
1,16,151,1,1,100,0,0,0,4,2,1,0,0,Lower
3,36,262,1,1,100,10,9,0,11,0,4,0,0,Lower
1,21,238,1,1,100,0,0,0,11,2,5,0,0,Lower
1,20,159,1,1,100,0,0,0,5,3,1,0,0,Lower
1,26,199,1,1,100,5,4,0,11,1,1,0,0,Lower
1,21,145,1,1,100,0,0,0,5,1,0,0,0,Lower
1,32,170,1,1,100,0,0,0,7,1,1,0,0,Lower
5,60,352,23,23,100,16,16,100,8,1,3,0,0,Lower
1,25,157,1,1,100,1,0,0,12,2,0,0,0,Lower
1,28,178,1,1,100,1,0,0,14,0,0,0,0,Lower
3,40,321,9,1,0,0,0,0,15,5,1,0,0,Lower
4,32,402,14,0,0,7,2,0,16,6,1,0,0,Lower
1,26,167,1,1,100,2,0,0,13,1,0,0,0,Lower
1,30,198,2,2,100,0,0,0,6,1,4,0,0,Lower
1,22,152,1,1,100,0,0,0,9,1,0,0,0,Lower
2,43,294,5,1,0,0,0,0,11,4,0,0,0,Upper
1,48,210,2,1,0,15,1,0,15,0,4,0,0,Lower
1,36,173,1,1,100,1,0,0,9,1,0,0,0,Lower
1,27,193,5,1,0,0,0,0,4,2,1,0,0,Lower
1,29,181,1,1,100,0,0,0,14,1,1,0,0,Lower
1,26,195,1,1,100,3,0,0,9,3,0,0,0,Lower
2,31,256,1,1,100,12,1,0,27,2,1,0,0,Lower
2,33,231,1,1,100,0,0,0,7,2,1,0,0,Lower
1,38,212,7,0,0,9,2,0,7,3,1,0,0,Lower
3,31,264,3,2,0,9,3,0,13,1,1,0,0,Lower
2,34,288,1,1,100,8,0,0,15,1,1,0,0,Upper
6,84,652,4,2,0,42,3,0,51,1,11,0,1,Lower
1,34,197,11,2,0,1,0,0,10,1,0,0,0,Lower
1,17,151,1,1,100,0,0,0,6,4,0,0,0,Lower
12,84,529,1,1,100,2,2,100,10,2,18,0,1,Lower
1,23,155,1,1,100,2,0,0,11,0,1,0,0,Lower
2,29,228,1,1,100,9,4,0,13,0,1,0,1,Lower
1,39,180,1,1,100,0,0,0,5,4,0,0,0,Lower
1,28,161,1,1,100,0,0,0,11,1,0,0,0,Lower
1,57,261,13,1,0,4,1,0,6,2,0,0,0,Lower
1,57,249,21,1,0,2,0,0,4,1,1,0,1,Upper
1,38,179,9,1,0,1,0,0,7,0,1,0,0,Lower
1,33,230,1,1,100,1,0,0,12,1,1,0,0,Lower
5,45,417,3,1,0,24,4,0,17,1,13,0,0,Lower
1,28,198,5,1,0,0,0,0,6,2,0,0,0,Upper
1,30,177,1,1,100,6,2,0,5,2,0,0,0,Lower
2,50,325,1,1,100,9,3,0,21,3,1,0,1,Lower
1,31,190,4,2,0,0,0,0,6,1,2,0,0,Lower
1,30,188,4,1,0,0,0,0,6,0,0,0,0,Lower
5,50,311,1,1,100,7,2,0,15,1,0,0,0,Lower
1,37,185,10,1,0,0,0,0,12,1,0,0,0,Lower
1,28,181,1,1,100,0,0,0,9,1,0,0,0,Lower
1,36,199,14,1,0,22,2,0,9,2,12,0,0,Lower
1,23,191,2,0,0,0,0,0,6,2,1,0,0,Upper
1,47,361,1,1,100,1,1,100,9,0,0,0,0,Lower
1,29,224,1,1,100,0,0,0,9,3,0,0,1,Lower
1,41,174,4,0,0,0,0,0,2,2,1,0,0,Lower
1,23,183,1,1,100,0,0,0,9,2,0,0,0,Lower
1,28,234,1,1,100,3,0,0,9,3,1,0,0,Lower
2,29,193,1,1,100,9,1,0,7,1,3,0,1,Lower
2,29,219,1,1,100,0,0,0,7,3,1,0,0,Lower
1,32,193,1,1,100,1,0,0,5,2,0,0,0,Lower
2,37,335,7,1,0,3,1,0,12,6,0,0,0,Upper
1,25,171,1,1,100,1,1,100,6,2,1,0,0,Lower
1,25,213,7,1,0,0,0,0,10,2,0,0,0,Upper
1,26,142,2,2,100,0,0,0,2,1,0,0,0,Lower
1,32,177,1,1,100,9,0,0,11,1,0,0,0,Lower
1,23,184,1,1,100,0,0,0,5,2,0,0,0,Lower
1,35,236,10,10,100,1,1,100,6,2,1,0,0,Lower
1,36,198,1,1,100,13,1,0,6,1,6,0,0,Lower
1,22,141,1,1,100,0,0,0,10,0,1,0,0,Lower
1,31,157,1,1,100,0,0,0,5,2,0,0,0,Lower
1,41,270,1,1,100,5,1,0,18,2,2,0,0,Lower
1,30,234,10,0,0,1,0,0,2,2,1,0,0,Lower
1,27,189,2,1,0,0,0,0,10,1,0,0,0,Upper
1,32,230,1,1,100,13,1,0,14,1,0,0,0,Upper
23,95,1024,25,23,0,26,25,0,47,0,27,0,1,Lower
1,36,204,1,1,100,0,0,0,7,1,1,0,0,Lower
1,19,150,1,1,100,0,0,0,9,1,0,0,0,Upper
2,40,220,8,1,0,11,4,0,4,0,1,0,0,Lower
1,32,175,1,1,100,14,1,0,7,1,2,0,0,Lower
1,22,143,3,1,0,0,0,0,6,1,0,0,0,Lower
1,36,211,11,1,0,6,0,0,8,5,1,0,0,Lower
3,75,356,27,26,0,24,22,0,12,4,3,0,1,Lower
2,36,199,1,1,100,3,0,0,11,1,1,0,0,Lower
1,23,157,1,1,100,0,0,0,13,1,0,0,0,Lower
1,29,157,1,1,100,0,0,0,5,1,2,0,0,Lower
1,27,139,5,2,0,0,0,0,2,1,1,0,0,Lower
2,34,227,3,0,0,0,0,0,10,2,1,0,0,Lower
1,30,220,1,1,100,1,1,100,11,3,0,0,1,Lower
1,27,181,2,2,100,0,0,0,8,1,1,0,0,Upper
8,44,425,1,1,100,1,1,100,16,0,9,0,0,Upper
1,29,163,1,1,100,4,0,0,11,0,1,0,0,Lower
2,33,284,6,0,0,6,2,0,12,5,1,0,0,Lower
2,31,231,6,2,0,0,0,0,4,3,0,0,0,Lower
2,35,279,5,0,0,8,1,0,12,4,1,0,0,Upper
1,29,131,1,1,100,0,0,0,2,2,0,0,0,Lower
1,29,166,1,1,100,6,0,0,7,1,0,0,0,Lower
5,70,544,4,4,100,10,10,100,55,1,2,1,0,Upper
1,23,200,1,1,100,8,2,0,9,2,1,1,0,Lower
1,41,272,1,1,100,31,0,0,12,2,3,0,0,Lower
1,47,279,1,1,100,14,14,100,5,3,0,0,0,Lower
1,26,188,1,1,100,0,0,0,9,2,1,0,0,Lower
1,20,209,1,1,100,4,0,0,11,5,4,0,1,Lower
1,11,143,1,1,100,0,0,0,4,3,2,0,0,Upper
1,47,243,18,18,100,12,12,100,8,1,0,0,0,Lower
1,27,182,1,1,100,5,0,0,17,0,0,0,0,Lower
5,30,240,1,1,100,16,3,0,10,0,7,0,0,Upper
1,20,136,1,1,100,0,0,0,5,2,0,0,0,Lower
1,83,264,55,1,0,0,0,0,6,2,0,0,0,Lower
1,22,211,1,1,100,0,0,0,5,3,0,0,0,Lower
1,34,169,10,1,0,0,0,0,7,0,1,0,0,Lower
1,22,135,1,1,100,0,0,0,5,1,0,0,0,Lower
2,27,299,6,0,0,14,1,0,13,4,2,0,0,Lower
1,19,150,1,1,100,0,0,0,9,1,0,0,0,Upper
1,27,153,1,1,100,3,1,0,11,0,0,0,0,Lower
1,26,191,1,1,100,6,0,0,10,1,2,0,0,Lower
1,18,128,1,1,100,9,0,0,6,1,0,0,0,Lower
1,32,209,1,1,100,1,1,100,7,2,2,0,0,Lower
1,27,132,1,1,100,0,0,0,6,2,0,0,0,Lower
1,25,141,1,1,100,0,0,0,5,1,0,0,0,Lower
2,37,207,1,1,100,1,1,100,16,0,0,0,1,Lower
1,24,176,1,1,100,1,0,0,6,3,0,0,0,Lower
1,13,130,1,1,100,1,0,0,5,2,0,0,0,Lower
1,38,207,7,1,0,1,0,0,10,0,0,0,0,Upper
1,29,206,1,1,100,2,1,0,13,1,0,0,0,Lower
1,31,165,3,1,0,0,0,0,6,1,1,0,0,Lower
1,34,200,4,0,0,1,0,0,6,1,1,0,0,Lower
1,39,263,3,2,0,1,0,0,8,0,4,0,0,Lower
1,35,194,1,1,100,2,0,0,11,3,1,0,0,Lower
1,18,178,1,1,100,0,0,0,9,2,1,0,0,Lower
10,52,335,1,1,100,0,0,0,9,2,6,0,0,Lower
2,47,258,24,0,0,0,0,0,6,2,1,1,0,Upper
1,31,222,6,0,0,0,0,0,4,4,1,0,0,Lower
1,27,127,3,1,0,0,0,0,2,2,0,0,0,Lower
1,31,189,1,1,100,12,3,0,11,0,1,0,0,Lower
1,24,208,3,1,0,1,1,100,8,2,1,0,0,Lower
1,47,208,19,0,0,13,1,0,9,1,1,0,0,Upper
1,15,144,2,1,0,0,0,0,2,2,0,0,0,Lower
1,13,117,1,1,100,0,0,0,10,0,1,0,0,Upper
1,35,239,1,1,100,10,10,100,11,1,2,0,1,Lower
2,35,183,2,2,100,14,14,100,7,1,0,0,1,Upper
1,38,180,15,15,100,1,1,100,6,1,0,0,1,Lower
2,26,194,2,1,0,1,1,100,2,3,1,0,0,Lower
1,16,119,1,1,100,2,1,0,5,2,1,0,0,Upper
1,31,137,1,1,100,0,0,0,4,2,2,0,0,Lower
1,23,187,1,1,100,0,0,0,10,2,1,0,0,Upper
6,45,305,1,1,100,29,2,0,8,2,15,0,0,Lower
1,77,440,11,1,0,0,0,0,23,5,2,1,1,Lower
1,22,134,1,1,100,6,2,0,9,1,0,0,0,Lower
1,39,248,13,13,100,1,1,100,9,1,2,0,0,Lower
1,20,196,2,0,0,0,0,0,10,2,1,0,0,Upper
1,27,208,1,1,100,2,0,0,15,1,1,0,0,Lower
1,30,169,1,1,100,0,0,0,10,0,1,0,0,Lower
1,30,207,1,1,100,6,2,0,8,2,1,0,0,Lower
1,41,193,15,1,0,6,1,0,4,1,1,0,0,Lower
2,20,166,1,1,100,0,0,0,11,1,0,0,0,Lower
1,20,131,2,1,0,0,0,0,10,1,2,0,0,Lower
1,53,222,12,1,0,12,2,0,12,0,0,0,0,Lower
1,31,234,1,1,100,9,9,100,9,2,1,0,0,Upper
3,47,291,12,2,0,31,3,0,27,1,3,0,1,Lower
2,53,233,14,1,0,8,0,0,11,1,0,0,1,Lower
4,47,395,1,1,100,7,1,0,23,3,0,0,1,Lower
1,33,187,1,1,100,10,1,0,10,0,0,0,0,Lower
3,33,256,1,1,100,9,3,0,17,0,2,0,1,Upper
1,24,134,1,1,100,0,0,0,13,1,0,0,0,Lower
1,20,196,1,1,100,0,0,0,12,1,0,0,0,Lower
1,32,141,1,1,100,12,1,0,5,1,0,0,0,Lower
1,26,155,1,1,100,22,2,0,9,1,12,0,0,Lower
1,49,190,20,2,0,7,0,0,7,1,0,0,1,Lower
1,29,138,1,1,100,10,1,0,10,0,3,0,0,Lower
1,30,187,1,1,100,11,0,0,18,1,1,0,0,Lower
1,18,164,1,1,100,0,0,0,8,2,0,0,0,Lower
1,26,197,1,1,100,7,0,0,11,2,1,0,0,Lower
3,51,335,9,1,0,2,1,0,17,2,0,0,0,Lower
1,21,151,1,1,100,0,0,0,2,2,1,0,0,Lower
2,27,167,4,2,0,0,0,0,6,1,0,0,0,Upper
1,17,141,1,1,100,0,0,0,9,2,4,0,0,Lower
1,23,133,1,1,100,0,0,0,11,0,1,0,0,Lower
1,21,148,1,1,100,0,0,0,5,2,1,0,0,Lower
1,20,125,1,1,100,0,0,0,5,1,0,0,0,Lower
5,40,307,1,1,100,34,4,0,13,1,18,0,0,Lower
1,30,191,1,1,100,25,4,0,10,0,8,0,0,Lower
1,31,177,1,1,100,15,1,0,10,1,1,0,0,Lower
12,74,570,1,1,100,7,1,0,19,1,2,0,1,Lower
1,22,181,1,1,100,7,1,0,7,1,0,1,1,Lower
1,49,172,14,1,0,1,0,0,6,1,0,0,0,Lower
2,23,188,1,1,100,0,0,0,13,1,2,0,0,Lower
1,27,132,1,1,100,15,0,0,6,0,8,0,0,Lower
1,40,201,1,1,100,0,0,0,12,1,0,0,0,Lower
1,30,205,10,9,0,1,1,100,6,1,0,0,0,Lower
1,42,221,14,1,0,8,0,0,10,0,0,0,0,Lower
1,14,163,1,1,100,0,0,0,3,2,4,0,0,Upper
1,23,135,1,1,100,17,5,0,13,1,1,0,1,Lower
1,29,212,1,1,100,0,0,0,10,5,0,0,0,Lower
4,46,388,1,1,100,11,2,0,12,1,7,0,0,Upper
1,33,158,6,1,0,2,0,0,2,1,0,0,1,Lower
1,18,149,4,2,0,0,0,0,2,2,0,0,0,Lower
2,28,199,1,1,100,1,0,0,13,0,1,0,0,Upper
5,36,382,1,1,100,5,3,0,22,1,7,0,0,Lower
1,31,204,1,1,100,9,1,0,13,1,3,0,0,Lower
1,26,205,9,0,0,7,0,0,7,2,2,1,0,Upper
2,36,272,10,0,0,2,1,0,9,4,2,0,0,Upper
1,20,190,1,1,100,0,0,0,9,1,0,0,1,Lower
1,29,215,1,1,100,5,1,0,11,2,0,0,1,Lower
1,46,212,10,1,0,1,0,0,2,1,0,0,0,Upper
1,20,163,1,1,100,7,0,0,10,0,0,0,0,Lower
1,31,137,1,1,100,17,0,0,9,2,0,0,0,Lower
4,38,215,1,1,100,23,1,0,12,1,0,0,0,Upper
7,70,546,12,1,0,29,2,0,33,8,5,0,0,Lower
1,24,148,1,1,100,2,0,0,7,0,1,0,0,Lower
1,35,175,17,1,0,17,2,0,11,2,6,0,0,Lower
1,21,190,1,1,100,0,0,0,13,2,3,0,0,Lower
1,22,147,1,1,100,0,0,0,9,2,1,0,0,Lower
1,20,134,3,1,0,0,0,0,6,1,0,0,0,Lower
1,21,142,1,1,100,0,0,0,5,1,0,0,0,Lower
1,24,184,1,1,100,1,0,0,10,1,0,0,0,Lower
4,40,334,13,0,0,8,2,0,22,2,2,0,0,Lower
1,29,184,10,0,0,1,0,0,2,3,1,0,0,Lower
1,20,136,1,1,100,0,0,0,9,1,0,0,0,Lower
1,35,212,7,1,0,1,0,0,6,2,0,0,0,Lower
2,28,166,1,1,100,2,0,0,9,1,0,0,0,Lower
1,24,165,1,1,100,1,0,0,5,2,0,0,0,Lower
1,39,199,1,1,100,7,1,0,9,0,0,0,0,Lower
1,23,161,1,1,100,0,0,0,7,2,0,0,0,Lower
108,359,4292,1,1,100,10,10,100,142,4,67,0,0,Upper
37,69,2537,19,19,100,13,13,100,206,22,39,0,0,Lower
9,83,566,2,2,100,38,38,100,14,2,10,0,0,Upper
4,43,325,16,1,0,15,3,0,11,0,3,0,0,Upper
1,23,133,1,1,100,0,0,0,10,0,1,0,0,Lower
1,29,163,6,2,0,0,0,0,10,0,0,0,0,Lower
1,36,209,1,1,100,0,0,0,3,3,0,0,1,Lower
2,54,272,1,1,100,4,1,0,20,0,1,0,0,Lower
1,32,190,3,1,0,0,0,0,6,2,1,0,0,Lower
3,48,220,14,2,0,13,3,0,10,1,4,0,0,Lower
1,20,192,1,1,100,1,0,0,7,2,0,0,1,Lower
2,44,246,1,1,100,13,13,100,6,1,1,0,1,Lower
1,22,155,1,1,100,0,0,0,13,1,0,0,0,Lower
1,30,173,1,1,100,13,0,0,12,0,0,0,0,Lower
1,20,154,1,1,100,3,0,0,5,2,2,0,0,Lower
1,43,166,16,15,0,1,1,100,2,1,0,0,0,Upper
1,22,141,1,1,100,0,0,0,12,0,1,0,0,Lower
2,62,308,2,1,0,45,8,0,18,2,8,0,1,Lower
1,29,170,1,1,100,8,1,0,7,1,1,0,0,Upper
1,32,154,1,1,100,1,0,0,5,1,0,0,0,Lower
1,28,202,4,0,0,0,0,0,9,2,1,0,0,Upper
1,28,168,1,1,100,0,0,0,8,1,0,0,0,Lower
1,46,197,3,2,0,0,0,0,8,0,0,0,0,Lower
1,26,155,1,1,100,1,1,100,9,1,1,0,0,Lower
5,33,379,1,1,100,18,4,0,18,2,8,0,1,Lower
5,39,393,12,11,0,8,8,100,6,1,6,0,0,Upper
1,28,182,9,1,0,0,0,0,4,2,2,0,0,Lower
1,29,136,1,1,100,0,0,0,9,2,0,0,0,Lower
1,51,225,19,1,0,6,1,0,4,1,0,0,1,Lower
1,24,189,1,1,100,0,0,0,11,1,2,0,0,Upper
5,43,355,18,18,100,14,14,100,7,1,2,0,0,Upper
1,31,197,1,1,100,2,1,0,10,0,0,0,0,Lower
1,30,189,1,1,100,1,0,0,11,0,0,0,0,Lower
1,21,178,1,1,100,19,19,100,8,2,3,0,1,Upper
1,19,178,1,1,100,1,1,100,10,2,1,0,0,Upper
1,26,131,1,1,100,1,0,0,6,1,0,0,0,Lower
1,42,251,19,2,0,6,0,0,9,0,1,0,0,Lower
1,38,268,1,1,100,7,3,0,16,1,0,0,1,Lower
3,38,287,1,1,100,12,3,0,14,0,1,0,1,Lower
1,40,197,7,1,0,1,1,100,4,2,0,0,0,Lower
1,38,218,12,1,0,5,0,0,6,1,0,0,0,Lower
1,25,150,1,1,100,0,0,0,11,0,0,0,0,Upper
1,30,158,1,1,100,0,0,0,9,1,0,0,0,Lower
3,31,155,1,1,100,17,5,0,13,1,1,0,1,Lower
1,20,149,1,1,100,6,0,0,5,1,1,0,0,Upper
1,20,185,2,1,0,0,0,0,8,2,1,0,0,Upper
1,38,287,14,1,0,5,2,0,3,3,1,0,0,Upper
2,41,271,17,16,0,12,12,100,4,2,1,0,0,Upper
1,26,195,1,1,100,0,0,0,5,3,0,0,1,Lower
1,23,129,1,1,100,0,0,0,5,1,0,0,1,Lower
2,41,326,1,1,100,20,2,0,19,0,0,0,0,Lower
2,30,245,1,1,100,11,2,0,14,1,2,0,0,Lower
3,67,348,11,10,0,7,7,100,5,2,6,1,0,Lower
1,35,148,15,14,0,16,16,100,8,2,2,0,0,Lower
1,26,145,1,1,100,2,2,100,5,1,0,0,0,Lower
14,66,828,3,3,100,44,44,100,129,3,20,0,0,Lower
1,28,213,1,1,100,6,1,0,11,1,0,0,0,Lower
2,31,287,9,0,0,1,1,100,19,4,0,0,0,Upper
2,36,222,1,1,100,7,1,0,10,1,0,0,1,Upper
1,37,187,13,1,0,0,0,0,7,1,0,0,0,Lower
1,48,229,19,19,100,5,5,100,10,0,0,0,1,Upper
1,18,156,1,1,100,0,0,0,6,2,0,0,0,Lower
1,27,166,3,1,0,0,0,0,2,2,1,0,0,Lower
4,49,447,1,1,100,12,3,0,19,3,4,0,1,Lower
1,25,171,1,1,100,0,0,0,11,1,0,0,0,Lower
1,31,171,1,1,100,1,0,0,10,1,0,0,0,Upper
2,35,217,1,1,100,5,1,0,11,1,0,0,0,Lower
1,21,151,1,1,100,0,0,0,11,1,0,0,0,Upper
3,36,277,10,10,100,13,12,0,6,3,7,0,0,Lower
1,29,148,5,1,0,0,0,0,6,1,0,0,0,Lower
2,61,212,41,1,0,10,1,0,4,1,0,0,0,Lower
3,41,294,1,1,100,13,4,0,21,1,2,0,1,Lower
1,19,168,2,2,100,0,0,0,6,1,1,0,0,Lower
1,26,173,1,1,100,2,0,0,12,0,0,0,0,Lower
1,18,205,3,1,0,0,0,0,6,4,3,0,0,Upper
1,20,189,1,1,100,0,0,0,7,1,1,0,0,Lower
1,26,210,1,1,100,5,1,0,9,2,1,0,0,Lower
1,32,167,7,1,0,2,0,0,6,1,0,0,0,Lower
1,26,172,1,1,100,2,0,0,13,1,0,0,0,Lower
8,51,528,1,1,100,30,30,100,19,1,15,0,0,Lower
1,26,173,1,1,100,0,0,0,11,1,0,0,0,Upper
1,30,165,1,1,100,3,0,0,9,1,0,0,1,Lower
4,40,268,1,1,100,18,2,0,16,1,3,0,0,Upper
1,57,246,21,1,0,11,2,0,12,1,1,0,0,Lower
1,26,152,1,1,100,3,1,0,6,2,0,0,0,Lower
2,36,294,12,0,0,9,1,0,11,5,3,0,0,Upper
4,40,382,12,0,0,32,4,0,17,2,8,0,0,Lower
1,32,172,1,1,100,11,1,0,5,1,0,0,1,Lower
1,42,182,14,1,0,22,2,0,13,1,0,0,0,Lower
1,25,178,4,1,0,0,0,0,8,1,0,0,0,Upper
1,31,146,7,1,0,0,0,0,2,1,0,0,0,Lower
1,23,175,1,1,100,0,0,0,9,1,1,0,0,Lower
2,28,236,5,2,0,1,0,0,8,2,1,0,0,Lower
2,31,234,1,1,100,13,1,0,15,2,1,0,0,Lower
1,24,181,1,1,100,25,6,0,7,2,10,0,0,Lower
1,24,148,1,1,100,0,0,0,12,0,1,0,0,Lower
1,25,199,3,1,0,0,0,0,8,2,1,0,0,Upper
1,28,154,1,1,100,0,0,0,5,1,1,0,0,Upper
1,39,219,11,1,0,1,0,0,8,2,0,0,0,Lower
1,27,161,1,1,100,6,0,0,8,1,0,0,0,Upper
1,24,152,1,1,100,0,0,0,11,0,1,0,1,Lower
1,21,186,1,1,100,6,1,0,9,2,1,0,0,Upper
11,105,684,25,25,100,12,12,100,33,3,3,0,0,Lower
1,35,178,4,1,0,0,0,0,6,1,2,0,0,Lower
1,23,136,1,1,100,5,0,0,5,1,0,0,0,Lower
1,26,186,1,1,100,8,2,0,5,1,0,0,0,Upper
